SampleID,SampleName,TargetSite,TargetSiteSequence,AlleleSequence,AlleleChange,AlleleReadSequence ,#AlleleReads,%AlleleReads,#TotalAlleleReads,#ControlReads,Meets_30x_threshold,Mutation%
AM1920002,HC69_M2_Rep_S1,M2 Read1,CGTTCCAGGCGGGGCCGA,CGACGCGGCGAGCTTCCGGCCGGAGCGGTGGATCAACGAGGATGGCGCGTTCCGCAACGCGTCGCCGTTCAAGTTCACGG|CGTTCCAGGCGGGGCCGA|GGATCTGCCT,Wild Type,CGACGCGGCGAGCTTCCGGCCGGAGCGGTGGATCAACGAGGATGGCGCGTTCCGCAACGCGTCGCCGTTCAAGTTCACGGCGTTCCAGGCGGGGCCGAGGATCTGCCTGGGCAAGGACTCGGCGTACCTGCAGATGAAGATGGCGCTGGCCATCCTCTTCCGCTTCTACAGCTTC,50594,95.72407%,52854,28494,no
,,,,CGACGCGGCGAGCTTCCGGCCGGAGCGGTGGATCAACGAGGATGGCGCGTTCCGCAACGCGTCGCCGTTCACGTTCACGG|CGTTCCAGGCGGGGCCGA|GGATCTGCCT,'SNP outside Target,CGACGCGGCGAGCTTCCGGCCGGAGCGGTGGATCAACGAGGATGGCGCGTTCCGCAACGCGTCGCCGTTCACGTTCACGGCGTTCCAGGCGGGGCCGAGGATCTGCCTGGGCAAGGACTCGGCGTACCTGCAGATGAAGATGGCGCTGGCCATCCTCTTCCGCTTCTACAGCTTC,65,0.12298%,52854,25,no
,,,,CGACGCGGCGAGCTTCCGGCCGGAGCGGTGGATCAACGAGGATGGCGCGTTCCGCAACGCGTCGCCGTTCAAGTTCACGG|CGTTCCAGGCGGGGCCGC|GGATCTGCCT,' A to C ,CGACGCGGCGAGCTTCCGGCCGGAGCGGTGGATCAACGAGGATGGCGCGTTCCGCAACGCGTCGCCGTTCAAGTTCACGGCGTTCCAGGCGGGGCCGCGGATCTGCCTGGGCAAGGACTCGGCGTACCTGCAGATGAAGATGGCGCTGGCCATCCTCTTCCGCTTCTACAGCTTC,55,0.10406%,52854,12,no
,,,,CGACGCGGCGAGCTTCCGGCCGGAGCGGTGGATCAACGAGGATGGCGCGTTCCGCAACGCGTCGCCGTTCAAGTTCACGG|CGTTCCCGGCGGGGCCGA|GGATCTGCCT,' A to C ,CGACGCGGCGAGCTTCCGGCCGGAGCGGTGGATCAACGAGGATGGCGCGTTCCGCAACGCGTCGCCGTTCAAGTTCACGGCGTTCCCGGCGGGGCCGAGGATCTGCCTGGGCAAGGACTCGGCGTACCTGCAGATGAAGATGGCGCTGGCCATCCTCTTCCGCTTCTACAGCTTC,48,0.09082%,52854,8,no
,,,,CGACGCGGCGAGCTTCCGGCCGGAGCGGTGGATAAACGAGGATGGCGCGTTCCGCAACGCGTCGCCGTTCAAGTTCACGG|CGTTCCAGGCGGGGCCGA|GGATCTGCCT,'SNP outside Target,CGACGCGGCGAGCTTCCGGCCGGAGCGGTGGATAAACGAGGATGGCGCGTTCCGCAACGCGTCGCCGTTCAAGTTCACGGCGTTCCAGGCGGGGCCGAGGATCTGCCTGGGCAAGGACTCGGCGTACCTGCAGATGAAGATGGCGCTGGCCATCCTCTTCCGCTTCTACAGCTTC,46,0.08703%,52854,26,no
,,,,CGACGCGGCGAGCTTCCGGCCGGAGCGGTGGATCAACGAGGATGGCGCGTTCCGCAACGCGTCGCCGTTCAAGTTCACGG|CGTTCCAGGCGGGGCCGA|GGAGCTGCCT,'SNP outside Target,CGACGCGGCGAGCTTCCGGCCGGAGCGGTGGATCAACGAGGATGGCGCGTTCCGCAACGCGTCGCCGTTCAAGTTCACGGCGTTCCAGGCGGGGCCGAGGAGCTGCCTGGGCAAGGACTCGGCGTACCTGCAGATGAAGATGGCGCTGGCCATCCTCTTCCGCTTCTACAGCTTC,35,0.06622%,52854,8,no
,,,,CGACGCGGCGAGCTTCCGGCCGGAGCGGTGGATCAACGAGGATGGCGCGTTCCGCAACGCGTCGCCGTTCAAGTTCACGG|CGTTC--------GCCGA|GGATCTGCCT,'-CAGGCGGG,CGACGCGGCGAGCTTCCGGCCGGAGCGGTGGATCAACGAGGATGGCGCGTTCCGCAACGCGTCGCCGTTCAAGTTCACGGCGTTCGCCGAGGATCTGCCTGGGCAAGGACTCGGCGTACCTGCAGATGAAGATGGCGCTGGCCATCCTCTTCCGCTTCTACAGCTTCCGGCTG,33,0.06244%,52854,0,yes
,,,,CGACGCGGCGAGCTTCCGGCCGGAGCGGTGGATCAACGAGGATGGCGCGTTCCGCAACGCGTCGCCGTTCAAGTTCACGG|CGTT,'Indel extends beyond Target,CGACGCGGCGAGCTTCCGGCCGGAGCGGTGGATCAACGAGGATGGCGCGTTCCGCAACGCGTCGCCGTTCAAGTTCACGGCGTTGCCGAGGATCTGCCTGGGCAAGGACTCGGCGTACCTGCAGATGAAGATGGCGCTGGCCATCCTCTTCCGCTTCTACAGCTTCCGGCTG,31,0.05865%,52854,0,yes
,,,,CGACGCGGCGAGCTTCCGGCCGGAGCGGTGGATCAACGAGGATGGCGCGTTCCGCAACGCGTCGCCGTTCAAGTTCACGG|CGTTCCAGGCGGGGCCGA|GGAACTGCCT,'SNP outside Target,CGACGCGGCGAGCTTCCGGCCGGAGCGGTGGATCAACGAGGATGGCGCGTTCCGCAACGCGTCGCCGTTCAAGTTCACGGCGTTCCAGGCGGGGCCGAGGAACTGCCTGGGCAAGGACTCGGCGTACCTGCAGATGAAGATGGCGCTGGCCATCCTCTTCCGCTTCTACAGCTTC,27,0.05108%,52854,4,no
,,,,CGACGCGGCGAGCTTCCGGCCGGAGCGGTGGATCAACGAGGATGGCGCGTTCCGCAACGCGTCGCCGTTCCAGTTCACGG|CGTTCCAGGCGGGGCCGA|GGATCTGCCT,'SNP outside Target,CGACGCGGCGAGCTTCCGGCCGGAGCGGTGGATCAACGAGGATGGCGCGTTCCGCAACGCGTCGCCGTTCCAGTTCACGGCGTTCCAGGCGGGGCCGAGGATCTGCCTGGGCAAGGACTCGGCGTACCTGCAGATGAAGATGGCGCTGGCCATCCTCTTCCGCTTCTACAGCTTC,25,0.04730%,52854,4,no
,,,,CGACGCGGCGAGCTTCCGGCCGGAGCGGTGGATCAACGAGGATGGCGCGTTCCGCAACGCGTCGCCGTTCAAGTTCACGG|CG,'Indel extends beyond Target,CGACGCGGCGAGCTTCCGGCCGGAGCGGTGGATCAACGAGGATGGCGCGTTCCGCAACGCGTCGCCGTTCAAGTTCACGGCGGCCGAGGATCTGCCTGGGCAAGGACTCGGCGTACCTGCAGATGAAGATGGCGCTGGCCATCCTCTTCCGCTTCTACAGCTTCCGGCTGCTGGA,23,0.04352%,52854,0,yes
,,,,CGACGCGGCGAGCTTCCGGCCGGAGCGGTGGATCAACGAGGATGGCGCGTTCCGCAACGCGTCGCCGTTCAAGTTCACGG|CGTTCCAGGCGGGGCCGA|GGCTCTGCCT,'SNP outside Target,CGACGCGGCGAGCTTCCGGCCGGAGCGGTGGATCAACGAGGATGGCGCGTTCCGCAACGCGTCGCCGTTCAAGTTCACGGCGTTCCAGGCGGGGCCGAGGCTCTGCCTGGGCAAGGACTCGGCGTACCTGCAGATGAAGATGGCGCTGGCCATCCTCTTCCGCTTCTACAGCTTC,22,0.04162%,52854,6,no
,,,,CGACGCGGCGAGCTTCCGGCCGGAGCGGTGGATCAACGAGGATGGTGCGTTCCGCAACGCGTCGCCGTTCAAGTTCACGG|CGTTCCAGGCGGGGCCGA|GGATCTGCCT,'SNP outside Target,CGACGCGGCGAGCTTCCGGCCGGAGCGGTGGATCAACGAGGATGGTGCGTTCCGCAACGCGTCGCCGTTCAAGTTCACGGCGTTCCAGGCGGGGCCGAGGATCTGCCTGGGCAAGGACTCGGCGTACCTGCAGATGAAGATGGCGCTGGCCATCCTCTTCCGCTTCTACAGCTTC,22,0.04162%,52854,13,no
,,,,,,CGACGCGGCGAGCTTCCGACGACTCGCCGGTGCAGTACCGCATGAACACTACCGTCGGATCGTGCGTGTTTCTCCGAATCTCGTATGCCGTCTTCTGCTTGAAAAAAAAAAA,21,0.03973%,52854,0,yes
,,,,CGACGCGGCGAGCTTCCGGCCGGAGCGGTGGATCAACGAGGATGGCGCGTTCCGCAACGCGTCGCCGTTCAAGTTCACGG|CGTTCC-------GCCGA|GGATCTGCCT,'-AGGCGGG,CGACGCGGCGAGCTTCCGGCCGGAGCGGTGGATCAACGAGGATGGCGCGTTCCGCAACGCGTCGCCGTTCAAGTTCACGGCGTTCCGCCGAGGATCTGCCTGGGCAAGGACTCGGCGTACCTGCAGATGAAGATGGCGCTGGCCATCCTCTTCCGCTTCTACAGCTTCCGGCTGC,21,0.03973%,52854,0,yes
,,,,,,CGACGCGGCGAGCTTCCGGCGCGATGGCGGGGCAGGGGCAGCGCCTGAACGTGGTGCCGACGGTGACGACGCTGGGCACGGTGAAGGCGCGGCTGGCGGGCGCCGCCCGCGGCCACGCGCTGCTCAAGAAGAAGTCGGACGCGCTGACGGTGCAGTACCGCATGAACACTACCGT,21,0.03973%,52854,2,no
,,,,CGACGCGGCGAGCTTCCGGCCGGAGCGGTGGATCAACGAGGATGGCGCGTTCCGCAACGCGTCGCCGTTCAAGTTCACGG|CGT,'Indel extends beyond Target,CGACGCGGCGAGCTTCCGGCCGGAGCGGTGGATCAACGAGGATGGCGCGTTCCGCAACGCGTCGCCGTTCAAGTTCACGGCGTGCCGAGGATCTGCCTGGGCAAGGACTCGGCGTACCTGCAGATGAAGATGGCGCTGGCCATCCTCTTCCGCTTCTACAGCTTCCGGCTGCTGG,20,0.03784%,52854,0,yes
,,,,CGACGCGGCGAGCTTCCGGCCGGAGCGGTGGATCAACGAGGATGGCGCGTTCCGCGACGCGTCGCCGTTCAAGTTCACGG|CGTTCCAGGCGGGGCCGA|GGATCTGCCT,'SNP outside Target,CGACGCGGCGAGCTTCCGGCCGGAGCGGTGGATCAACGAGGATGGCGCGTTCCGCGACGCGTCGCCGTTCAAGTTCACGGCGTTCCAGGCGGGGCCGAGGATCTGCCTGGGCAAGGACTCGGCGTACCTGCAGATGAAGATGGCGCTGGCCATCCTCTTCCGCTTCTACAGCTTC,19,0.03595%,52854,11,no
,,,,CGACGCGGCGAGCTTCCGGCCGGAGCGGTGGATCGACGAGGATGGCGCGTTCCGCAACGCGTCGCCGTTCAAGTTCACGG|CGTTCCAGGCGGGGCCGA|GGATCTGCCT,'SNP outside Target,CGACGCGGCGAGCTTCCGGCCGGAGCGGTGGATCGACGAGGATGGCGCGTTCCGCAACGCGTCGCCGTTCAAGTTCACGGCGTTCCAGGCGGGGCCGAGGATCTGCCTGGGCAAGGACTCGGCGTACCTGCAGATGAAGATGGCGCTGGCCATCCTCTTCCGCTTCTACAGCTTC,18,0.03406%,52854,8,no
,,,,CGACGCGGCGAGCTTCCGACCGGAGCGGTGGATCAACGAGGATGGCGCGTTCCGCAACGCGTCGCCGTTCAAGTTCACGG|CGTTCCAGGCGGGGCCGA|GGATCTGCCT,'SNP outside Target,CGACGCGGCGAGCTTCCGACCGGAGCGGTGGATCAACGAGGATGGCGCGTTCCGCAACGCGTCGCCGTTCAAGTTCACGGCGTTCCAGGCGGGGCCGAGGATCTGCCTGGGCAAGGACTCGGCGTACCTGCAGATGAAGATGGCGCTGGCCATCCTCTTCCGCTTCTACAGCTTC,17,0.03216%,52854,5,no
,,,,CGACGCGGCGAGCTTCCGGCCGGAGCGGTGGATCAACGAGGATGGCGCGTTCCGCAACGCGTCGCCGTTCAAGTTCATGG|CGTTCCAGGCGGGGCCGA|GGATCTGCCT,'SNP outside Target,CGACGCGGCGAGCTTCCGGCCGGAGCGGTGGATCAACGAGGATGGCGCGTTCCGCAACGCGTCGCCGTTCAAGTTCATGGCGTTCCAGGCGGGGCCGAGGATCTGCCTGGGCAAGGACTCGGCGTACCTGCAGATGAAGATGGCGCTGGCCATCCTCTTCCGCTTCTACAGCTTC,17,0.03216%,52854,8,no
,,,,CGACGCGGCGAGCTTCCGGCCGGAGCGGTGGATCAACGAGGATGGCGCGTTCCGCAACGCGTCGCCGTCCAAGTTCACGG|CGTTCCAGGCGGGGCCGA|GGATCTGCCT,'SNP outside Target,CGACGCGGCGAGCTTCCGGCCGGAGCGGTGGATCAACGAGGATGGCGCGTTCCGCAACGCGTCGCCGTCCAAGTTCACGGCGTTCCAGGCGGGGCCGAGGATCTGCCTGGGCAAGGACTCGGCGTACCTGCAGATGAAGATGGCGCTGGCCATCCTCTTCCGCTTCTACAGCTTC,16,0.03027%,52854,7,no
,,,,CGACGCGGCGAGCTTCCGGCCGGAGCGGTGGATCAACGAGGATGGCGCGTTCCGCAACGCGTCGCCGTTCAAGTTCACGG|CGTTCC,'Indel extends beyond Target,CGACGCGGCGAGCTTCCGGCCGGAGCGGTGGATCAACGAGGATGGCGCGTTCCGCAACGCGTCGCCGTTCAAGTTCACGGCGTTCCGAGGATCTGCCTGGGCAAGGACTCGGCGTACCTGCAGATGAAGATGGCGCTGGCCATCCTCTTCCGCTTCTACAGCTTCCGGCTGCTGG,16,0.03027%,52854,0,yes
,,,,CGACGCGGCGAGCTTCCGGCCGGAGCGGTGGATCAACGAGGATGGCGCGTTCCGCAACGCGTCGCCGTTCAAGTTCACGG|CGTTCCA-----GGCCGA|GGATCTGCCT,'-GGCGG,CGACGCGGCGAGCTTCCGGCCGGAGCGGTGGATCAACGAGGATGGCGCGTTCCGCAACGCGTCGCCGTTCAAGTTCACGGCGTTCCAGGCCGAGGATCTGCCTGGGCAAGGACTCGGCGTACCTGCAGATGAAGATGGCGCTGGCCATCCTCTTCCGCTTCTACAGCTTCCGGCT,16,0.03027%,52854,0,yes
,,,,CGACGCGGCGAGCTTCCGGCCGGAGCGGTGGATCAACGAGGATGGCGCGTTCCGCAACGCGTCGCCGTTCAAGTTCACGG|CG,'Indel extends beyond Target,CGACGCGGCGAGCTTCCGGCCGGAGCGGTGGATCAACGAGGATGGCGCGTTCCGCAACGCGTCGCCGTTCAAGTTCACGGCGCCGAGGATCTGCCTGGGCAAGGACTCGGCGTACCTGCAGATGAAGATGGCGCTGGCCATCCTCTTCCGCTTCTACAGCTTCCGGCTGCTGGAG,16,0.03027%,52854,0,yes
,,,,CGACGCGGCGAGCTTCCGGCCGGAGCGGTGGATCAACGAGGATGGCGCGTTCCGCAACGCGTCGCCGTTCAAGTTCACGG|CGTTCCAGGCAGGGCCGA|GGATCTGCCT,' G to A ,CGACGCGGCGAGCTTCCGGCCGGAGCGGTGGATCAACGAGGATGGCGCGTTCCGCAACGCGTCGCCGTTCAAGTTCACGGCGTTCCAGGCAGGGCCGAGGATCTGCCTGGGCAAGGACTCGGCGTACCTGCAGATGAAGATGGCGCTGGCCATCCTCTTCCGCTTCTACAGCTTC,15,0.02838%,52854,5,no
,,,,CGACGCGGCGAGCTTCCGGCCGGAGCGGTGGATCAACGAGGATGGCGCGTTCCGCAACGCGTCGCCGTTCAAGTGCACGG|CGTTCCAGGCGGGGCCGA|GGATCTGCCT,'SNP outside Target,CGACGCGGCGAGCTTCCGGCCGGAGCGGTGGATCAACGAGGATGGCGCGTTCCGCAACGCGTCGCCGTTCAAGTGCACGGCGTTCCAGGCGGGGCCGAGGATCTGCCTGGGCAAGGACTCGGCGTACCTGCAGATGAAGATGGCGCTGGCCATCCTCTTCCGCTTCTACAGCTTC,15,0.02838%,52854,9,no
,,,,CGACGCGGCGAGCTTCCGGCCGGAGCGGTGGATCAACGAGGATGGCGCGTTCCGCAACGCGTCGCCGTTCAAGTTCACGG|CG,'Indel extends beyond Target,CGACGCGGCGAGCTTCCGGCCGGAGCGGTGGATCAACGAGGATGGCGCGTTCCGCAACGCGTCGCCGTTCAAGTTCACGGCGAGGATCTGCCTGGGCAAGGACTCGGCGTACCTGCAGATGAAGATGGCGCTGGCCATCCTCTTCCGCTTCTACAGCTTCCGGCTGCTGGAGGGG,15,0.02838%,52854,0,yes
,,,,CGACGCGGCGAGCTTCCGGCCGGAGCGGTGGATCAACGAGGATGGCGCGTTCCGCAACGCGTCGCCGTTCAAGTTCACAG|CGTTCCAGGCGGGGCCGA|GGATCTGCCT,'SNP outside Target,CGACGCGGCGAGCTTCCGGCCGGAGCGGTGGATCAACGAGGATGGCGCGTTCCGCAACGCGTCGCCGTTCAAGTTCACAGCGTTCCAGGCGGGGCCGAGGATCTGCCTGGGCAAGGACTCGGCGTACCTGCAGATGAAGATGGCGCTGGCCATCCTCTTCCGCTTCTACAGCTTC,15,0.02838%,52854,8,no
,,,,CGACGCGGCGAGCTTCCGGCCGGAGCGGTGGATCAATGAGGATGGCGCGTTCCGCAACGCGTCGCCGTTCAAGTTCACGG|CGTTCCAGGCGGGGCCGA|GGATCTGCCT,'SNP outside Target,CGACGCGGCGAGCTTCCGGCCGGAGCGGTGGATCAATGAGGATGGCGCGTTCCGCAACGCGTCGCCGTTCAAGTTCACGGCGTTCCAGGCGGGGCCGAGGATCTGCCTGGGCAAGGACTCGGCGTACCTGCAGATGAAGATGGCGCTGGCCATCCTCTTCCGCTTCTACAGCTTC,15,0.02838%,52854,4,no
,,,,CGACGCGGCGAGCTTCCGGCCGGAGCGGTGGTTCAACGAGGATGGCGCGTTCCGCAACGCGTCGCCGTTCAAGTTCACGG|CGTTCCAGGCGGGGCCGA|GGATCTGCCT,'SNP outside Target,CGACGCGGCGAGCTTCCGGCCGGAGCGGTGGTTCAACGAGGATGGCGCGTTCCGCAACGCGTCGCCGTTCAAGTTCACGGCGTTCCAGGCGGGGCCGAGGATCTGCCTGGGCAAGGACTCGGCGTACCTGCAGATGAAGATGGCGCTGGCCATCCTCTTCCGCTTCTACAGCTTC,15,0.02838%,52854,5,no
,,,,CGACGCGGCGAGCTTCCGGCCGGAGCGGTGGATCAACGAGGATGGCGCGTTCTGCAACGCGTCGCCGTTCAAGTTCACGG|CGTTCCAGGCGGGGCCGA|GGATCTGCCT,'SNP outside Target,CGACGCGGCGAGCTTCCGGCCGGAGCGGTGGATCAACGAGGATGGCGCGTTCTGCAACGCGTCGCCGTTCAAGTTCACGGCGTTCCAGGCGGGGCCGAGGATCTGCCTGGGCAAGGACTCGGCGTACCTGCAGATGAAGATGGCGCTGGCCATCCTCTTCCGCTTCTACAGCTTC,14,0.02649%,52854,9,no
,,,,CGACGCGGCGAGCTTCCGGCCGGAGCGGTGGATCAACGAGGATGGCGCGTTACGCAACGCGTCGCCGTTCAAGTTCACGG|CGTTCCAGGCGGGGCCGA|GGATCTGCCT,'SNP outside Target,CGACGCGGCGAGCTTCCGGCCGGAGCGGTGGATCAACGAGGATGGCGCGTTACGCAACGCGTCGCCGTTCAAGTTCACGGCGTTCCAGGCGGGGCCGAGGATCTGCCTGGGCAAGGACTCGGCGTACCTGCAGATGAAGATGGCGCTGGCCATCCTCTTCCGCTTCTACAGCTTC,14,0.02649%,52854,3,no
,,,,CGACGCGGCGAGCTTCCGGCCGGAGCGGTGGCTCAACGAGGATGGCGCGTTCCGCAACGCGTCGCCGTTCAAGTTCACGG|CGTTCCAGGCGGGGCCGA|GGATCTGCCT,'SNP outside Target,CGACGCGGCGAGCTTCCGGCCGGAGCGGTGGCTCAACGAGGATGGCGCGTTCCGCAACGCGTCGCCGTTCAAGTTCACGGCGTTCCAGGCGGGGCCGAGGATCTGCCTGGGCAAGGACTCGGCGTACCTGCAGATGAAGATGGCGCTGGCCATCCTCTTCCGCTTCTACAGCTTC,13,0.02460%,52854,3,no
,,,,CGACGCGGCGAGCTTCCGGCCGGAGCGGTGGATCAACGAGGATGGCGCGTTCCGCAACGCGTCGCCGTTCAAGTTCACGG|CGTTCCAGGCGGGGCTGA|GGATCTGCCT,' C to T ,CGACGCGGCGAGCTTCCGGCCGGAGCGGTGGATCAACGAGGATGGCGCGTTCCGCAACGCGTCGCCGTTCAAGTTCACGGCGTTCCAGGCGGGGCTGAGGATCTGCCTGGGCAAGGACTCGGCGTACCTGCAGATGAAGATGGCGCTGGCCATCCTCTTCCGCTTCTACAGCTTC,13,0.02460%,52854,16,no
,,,,CGACGCGGCGAGCTTCCGGCCGGAGCGGTGGATCAACGAGGATGGCGCGTTCCGCAACGCGTCGCCGTTCAAGTTCACGG|CGTTCCAGGC-GGGCCGA|GGATCTGCCT,'-G,CGACGCGGCGAGCTTCCGGCCGGAGCGGTGGATCAACGAGGATGGCGCGTTCCGCAACGCGTCGCCGTTCAAGTTCACGGCGTTCCAGGCGGGCCGAGGATCTGCCTGGGCAAGGACTCGGCGTACCTGCAGATGAAGATGGCGCTGGCCATCCTCTTCCGCTTCTACAGCTTCC,13,0.02460%,52854,1,no
,,,,CGACGCGGCGAGCTTCCGGCCGGAGCGGTGGATCAACGAGGATGGCGCGTTCCGCAACGCGTCGCCGTTCAAGTTAACGG|CGTTCCAGGCGGGGCCGA|GGATCTGCCT,'SNP outside Target,CGACGCGGCGAGCTTCCGGCCGGAGCGGTGGATCAACGAGGATGGCGCGTTCCGCAACGCGTCGCCGTTCAAGTTAACGGCGTTCCAGGCGGGGCCGAGGATCTGCCTGGGCAAGGACTCGGCGTACCTGCAGATGAAGATGGCGCTGGCCATCCTCTTCCGCTTCTACAGCTTC,13,0.02460%,52854,0,yes
,,,,CGACGCGGCGAGCTTCCGGCCGGAGCGGTGGATCAACGAGGATGGCGCGTTCCGCAACGCGTCGCCGTTCAAGGTCACGG|CGTTCCAGGCGGGGCCGA|GGATCTGCCT,'SNP outside Target,CGACGCGGCGAGCTTCCGGCCGGAGCGGTGGATCAACGAGGATGGCGCGTTCCGCAACGCGTCGCCGTTCAAGGTCACGGCGTTCCAGGCGGGGCCGAGGATCTGCCTGGGCAAGGACTCGGCG,13,0.02460%,52854,0,yes
,,,,CGACGCGGCGAGCTTCCGGCCGGAGCGGTGGATCAACGAGGACGGCGCGTTCCGCAACGCGTCGCCGTTCAAGTTCACGG|CGTTCCAGGCGGGGCCGA|GGATCTGCCT,'SNP outside Target,CGACGCGGCGAGCTTCCGGCCGGAGCGGTGGATCAACGAGGACGGCGCGTTCCGCAACGCGTCGCCGTTCAAGTTCACGGCGTTCCAGGCGGGGCCGAGGATCTGCCTGGGCAAGGACTCGGCGTACCTGCAGATGAAGATGGCGCTGGCCATCCTCTTCCGCTTCTACAGCTTC,13,0.02460%,52854,5,no
,,,,CGACGCGGCGAGCTTCCGGCCGGAGCGGTGGATCAACGAGGATGGCGCGTTCCGCAACGCGTCGCCGTTCAAGTTCACGG|CGTTCTAGGCGGGGCCGA|GGATCTGCCT,' C to T ,CGACGCGGCGAGCTTCCGGCCGGAGCGGTGGATCAACGAGGATGGCGCGTTCCGCAACGCGTCGCCGTTCAAGTTCACGGCGTTCTAGGCGGGGCCGAGGATCTGCCTGGGCAAGGACTCGGCGTACCTGCAGATGAAGATGGCGCTGGCCATCCTCTTCCGCTTCTACAGCTTC,12,0.02270%,52854,5,no
,,,,CGACGCGGCGAGCTTCCGGCCGGAGCGGTGGATCAACGAGGATGGCGCGTTCCGCAACGCGTCGCCGTTCAGGTTCACGG|CGTTCCAGGCGGGGCCGA|GGATCTGCCT,'SNP outside Target,CGACGCGGCGAGCTTCCGGCCGGAGCGGTGGATCAACGAGGATGGCGCGTTCCGCAACGCGTCGCCGTTCAGGTTCACGGCGTTCCAGGCGGGGCCGAGGATCTGCCTGGGCAAGGACTCGGCGTACCTGCAGATGAAGATGGCGCTGGCCATCCTCTTCCGCTTCTACAGCTTC,12,0.02270%,52854,4,no
,,,,CGACGCGGCGAGCTTCCGGCCGGAGCGGCGGATCAACGAGGATGGCGCGTTCCGCAACGCGTCGCCGTTCAAGTTCACGG|CGTTCCAGGCGGGGCCGA|GGATCTGCCT,'SNP outside Target,CGACGCGGCGAGCTTCCGGCCGGAGCGGCGGATCAACGAGGATGGCGCGTTCCGCAACGCGTCGCCGTTCAAGTTCACGGCGTTCCAGGCGGGGCCGAGGATCTGCCTGGGCAAGGACTCGGCGTACCTGCAGATGAAGATGGCGCTGGCCATCCTCTTCCGCTTCTACAGCTTC,12,0.02270%,52854,8,no
,,,,CGACGCGGCGAGCTTCCGGCCGGAGCGGTGGATCAACGAGGATGGCGCGTTCCACAACGCGTCGCCGTTCAAGTTCACGG|CGTTCCAGGCGGGGCCGA|GGATCTGCCT,'SNP outside Target,CGACGCGGCGAGCTTCCGGCCGGAGCGGTGGATCAACGAGGATGGCGCGTTCCACAACGCGTCGCCGTTCAAGTTCACGGCGTTCCAGGCGGGGCCGAGGATCTGCCTGGGCAAGGACTCGGCGTACCTGCAGATGAAGATGGCGCTGGCCATCCTCTTCCGCTTCTACAGCTTC,12,0.02270%,52854,8,no
,,,,CGACGCGGCGAGCTTCCGGCCGGAGCGGTGGATCAACGAGGATAGCGCGTTCCGCAACGCGTCGCCGTTCAAGTTCACGG|CGTTCCAGGCGGGGCCGA|GGATCTGCCT,'SNP outside Target,CGACGCGGCGAGCTTCCGGCCGGAGCGGTGGATCAACGAGGATAGCGCGTTCCGCAACGCGTCGCCGTTCAAGTTCACGGCGTTCCAGGCGGGGCCGAGGATCTGCCTGGGCAAGGACTCGGCGTACCTGCAGATGAAGATGGCGCTGGCCATCCTCTTCCGCTTCTACAGCTTC,12,0.02270%,52854,8,no
,,,,CGACGCGGCGAGCTTCCGGCCGGAGCGGTGGATCAACGAGGATGGCGCGTTCCGCAACGCGTCGCCGTTCAAGTTCACGG|CGTTCCAGGTGGGGCCGA|GGATCTGCCT,' C to T ,CGACGCGGCGAGCTTCCGGCCGGAGCGGTGGATCAACGAGGATGGCGCGTTCCGCAACGCGTCGCCGTTCAAGTTCACGGCGTTCCAGGTGGGGCCGAGGATCTGCCTGGGCAAGGACTCGGCGTACCTGCAGATGAAGATGGCGCTGGCCATCCTCTTCCGCTTCTACAGCTTC,12,0.02270%,52854,13,no
,,,,CGACGCGGCGAGCTTCCGGCCGGAGCGGTGGATCAACGAGGATGGCGCGTTCCGCAACGCGTCGCCGTTCAAGTTCACGG|CGTTCCGGGCGGGGCCGA|GGATCTGCCT,' A to G ,CGACGCGGCGAGCTTCCGGCCGGAGCGGTGGATCAACGAGGATGGCGCGTTCCGCAACGCGTCGCCGTTCAAGTTCACGGCGTTCCGGGCGGGGCCGAGGATCTGCCTGGGCAAGGACTCGGCGTACCTGCAGATGAAGATGGCGCTGGCCATCCTCTTCCGCTTCTACAGCTTC,12,0.02270%,52854,14,no
,,,,CGACGCGGCGAGCTTCCGGCCGGAGCGGTGGATCAACGAGGTTGGCGCGTTCCGCAACGCGTCGCCGTTCAAGTTCACGG|CGTTCCAGGCGGGGCCGA|GGATCTGCCT,'SNP outside Target,CGACGCGGCGAGCTTCCGGCCGGAGCGGTGGATCAACGAGGTTGGCGCGTTCCGCAACGCGTCGCCGTTCAAGTTCACGGCGTTCCAGGCGGGGCCGAGGATCTGCCTGGGCAAGGACTCGGCGTACCTGCAGATGAAGATGGCGCTGGCCATCCTCTTCCGCTTCTACAGCTTC,12,0.02270%,52854,7,no
,,,,,,CGACGCGGCGAGCTTCCGGTGCAGTACCGCATGAACACTACCGTCGGATCGTGCGTGTTTCTCCGAATCTCGTATGCCGTCTTCTGCTTGAAAAAAAAAAAA,12,0.02270%,52854,0,yes
,,,,CGACGCGGCGAGCTTCCGGCCAGAGCGGTGGATCAACGAGGATGGCGCGTTCCGCAACGCGTCGCCGTTCAAGTTCACGG|CGTTCCAGGCGGGGCCGA|GGATCTGCCT,'SNP outside Target,CGACGCGGCGAGCTTCCGGCCAGAGCGGTGGATCAACGAGGATGGCGCGTTCCGCAACGCGTCGCCGTTCAAGTTCACGGCGTTCCAGGCGGGGCCGAGGATCTGCCTGGGCAAGGACTCGGCGTACCTGCAGATGAAGATGGCGCTGGCCATCCTCTTCCGCTTCTACAGCTTC,11,0.02081%,52854,6,no
,,,,CGACGCGGCGAGCTTCCGGCCGGAGCGGTGGATCAACGAGGATGGCGTGTTCCGCAACGCGTCGCCGTTCAAGTTCACGG|CGTTCCAGGCGGGGCCGA|GGATCTGCCT,'SNP outside Target,CGACGCGGCGAGCTTCCGGCCGGAGCGGTGGATCAACGAGGATGGCGTGTTCCGCAACGCGTCGCCGTTCAAGTTCACGGCGTTCCAGGCGGGGCCGAGGATCTGCCTGGGCAAGGACTCGGCGTACCTGCAGATGAAGATGGCGCTGGCCATCCTCTTCCGCTTCTACAGCTTC,11,0.02081%,52854,2,no
,,,,CGACGCGGCGAGCTTCCGGCCGGTGCGGTGGATCAACGAGGATGGCGCGTTCCGCAACGCGTCGCCGTTCAAGTTCACGG|CGTTCCAGGCGGGGCCGA|GGATCTGCCT,'SNP outside Target,CGACGCGGCGAGCTTCCGGCCGGTGCGGTGGATCAACGAGGATGGCGCGTTCCGCAACGCGTCGCCGTTCAAGTTCACGGCGTTCCAGGCGGGGCCGAGGATCTGCCTGGGCAAGGACTCGGCGTACCTGCAGATGAAGATGGCGCTGGCCATCCTCTTCCGCTTCTACAGCTTC,11,0.02081%,52854,5,no
,,,,CGACGCGGCGAGCTTCCGGCCGGAGCGGTGGATTAACGAGGATGGCGCGTTCCGCAACGCGTCGCCGTTCAAGTTCACGG|CGTTCCAGGCGGGGCCGA|GGATCTGCCT,'SNP outside Target,CGACGCGGCGAGCTTCCGGCCGGAGCGGTGGATTAACGAGGATGGCGCGTTCCGCAACGCGTCGCCGTTCAAGTTCACGGCGTTCCAGGCGGGGCCGAGGATCTGCCTGGGCAAGGACTCGGCGTACCTGCAGATGAAGATGGCGCTGGCCATCCTCTTCCGCTTCTACAGCTTC,11,0.02081%,52854,8,no
,,,,CGACGCGGCGAGCTTCCGGCCGGAGCGGTGGATCAACGAGGATGGCGCGTCCCGCAACGCGTCGCCGTTCAAGTTCACGG|CGTTCCAGGCGGGGCCGA|GGATCTGCCT,'SNP outside Target,CGACGCGGCGAGCTTCCGGCCGGAGCGGTGGATCAACGAGGATGGCGCGTCCCGCAACGCGTCGCCGTTCAAGTTCACGGCGTTCCAGGCGGGGCCGAGGATCTGCCTGGGCAAGGACTCGGCGTACCTGCAGATGAAGATGGCGCTGGCCATCCTCTTCCGCTTCTACAGCTTC,11,0.02081%,52854,3,no
,,,,CGACGCGGCGAGCTTCCGGCCGGAGCGGTGGATCAACGAGGATGGCGCGTTCCGCAACGCGTCGCCGTTCAAGTTCACGG|CGTTCCA------GCCGA|GGATCTGCCT,'-GGCGGG,CGACGCGGCGAGCTTCCGGCCGGAGCGGTGGATCAACGAGGATGGCGCGTTCCGCAACGCGTCGCCGTTCAAGTTCACGGCGTTCCAGCCGAGGATCTGCCTGGGCAAGGACTCGGCGTACCTGCAGATGAAGATGGCGCTGGCCATCCTCTTCCGCTTCTACAGCTTCCGG,11,0.02081%,52854,0,yes
,,,,CGACGCGGCGAGCTTCCGGTCGGAGCGGTGGATCAACGAGGATGGCGCGTTCCGCAACGCGTCGCCGTTCAAGTTCACGG|CGTTCCAGGCGGGGCCGA|GGATCTGCCT,'SNP outside Target,CGACGCGGCGAGCTTCCGGTCGGAGCGGTGGATCAACGAGGATGGCGCGTTCCGCAACGCGTCGCCGTTCAAGTTCACGGCGTTCCAGGCGGGGCCGAGGATCTGCCTGGGCAAGGACTCGGCGTACCTGCAGATGAAGATGGCGCTGGCCATCCTCTTCCGCTTCTACAGCTTC,11,0.02081%,52854,8,no
,,,,CGACGCGGCGAGCTTCCGGCCGGAGCGGTGGATCAACGAGGATGGCACGTTCCGCAACGCGTCGCCGTTCAAGTTCACGG|CGTTCCAGGCGGGGCCGA|GGATCTGCCT,'SNP outside Target,CGACGCGGCGAGCTTCCGGCCGGAGCGGTGGATCAACGAGGATGGCACGTTCCGCAACGCGTCGCCGTTCAAGTTCACGGCGTTCCAGGCGGGGCCGAGGATCTGCCTGGGCAAGGACTCGGCGTACCTGCAGATGAAGATGGCGCTGGCCATCCTCTTCCGCTTCTACAGCTTC,11,0.02081%,52854,6,no
,,,,CGACGCGGCGAGCTTCCGGCCGGAGCAGTGGATCAACGAGGATGGCGCGTTCCGCAACGCGTCGCCGTTCAAGTTCACGG|CGTTCCAGGCGGGGCCGA|GGATCTGCCT,'SNP outside Target,CGACGCGGCGAGCTTCCGGCCGGAGCAGTGGATCAACGAGGATGGCGCGTTCCGCAACGCGTCGCCGTTCAAGTTCACGGCGTTCCAGGCGGGGCCGAGGATCTGCCTGGGCAAGGACTCGGCGTACCTGCAGATGAAGATGGCGCTGGCCATCCTCTTCCGCTTCTACAGCTTC,11,0.02081%,52854,4,no
,,,,CGACGCGGCGAGCTTCCGGCCGGAGCGGTGGATCAACGAGGATGGCGCGTTCCGCAACGCGTCGCCGTTCAAGTTCACGG|CGTTCCAGACGGGGCCGA|GGATCTGCCT,' G to A ,CGACGCGGCGAGCTTCCGGCCGGAGCGGTGGATCAACGAGGATGGCGCGTTCCGCAACGCGTCGCCGTTCAAGTTCACGGCGTTCCAGACGGGGCCGAGGATCTGCCTGGGCAAGGACTCGGCGTACCTGCAGATGAAGATGGCGCTGGCCATCCTCTTCCGCTTCTACAGCTTC,10,0.01892%,52854,7,no
,,,,CGACGCGGCGAGCTTCCGGCCGGAGCGGTGGATCAACGAGGATGGCGCGTTCCGCAACGCGTCGCTGTTCAAGTTCACGG|CGTTCCAGGCGGGGCCGA|GGATCTGCCT,'SNP outside Target,CGACGCGGCGAGCTTCCGGCCGGAGCGGTGGATCAACGAGGATGGCGCGTTCCGCAACGCGTCGCTGTTCAAGTTCACGGCGTTCCAGGCGGGGCCGAGGATCTGCCTGGGCAAGGACTCGGCGTACCTGCAGATGAAGATGGCGCTGGCCATCCTCTTCCGCTTCTACAGCTTC,10,0.01892%,52854,9,no
,,,,CGACGCGGCGAGCTTCCGGCCGGAGCGGTGGATCAACGAGGATGGCGCGTTCCGCAACGCGTCGCCGTTTAAGTTCACGG|CGTTCCAGGCGGGGCCGA|GGATCTGCCT,'SNP outside Target,CGACGCGGCGAGCTTCCGGCCGGAGCGGTGGATCAACGAGGATGGCGCGTTCCGCAACGCGTCGCCGTTTAAGTTCACGGCGTTCCAGGCGGGGCCGAGGATCTGCCTGGGCAAGGACTCGGCGTACCTGCAGATGAAGATGGCGCTGGCCATCCTCTTCCGCTTCTACAGCTTC,10,0.01892%,52854,10,no
,,,,CGACGCGGCGAGCTTCCGGCCGGAGCGGTGGATCAACGAGGATGGCGCGTTCCGCAACGCGTCGCCGTTCAAGTTTACGG|CGTTCCAGGCGGGGCCGA|GGATCTGCCT,'SNP outside Target,CGACGCGGCGAGCTTCCGGCCGGAGCGGTGGATCAACGAGGATGGCGCGTTCCGCAACGCGTCGCCGTTCAAGTTTACGGCGTTCCAGGCGGGGCCGAGGATCTGCCTGGGCAAGGACTCGGCGTACCTGCAGATGAAGATGGCGCTGGCCATCCTCTTCCGCTTCTACAGCTTC,10,0.01892%,52854,5,no
,,,,CGACGCGGCGAGCTTCCGGCCGGAGCGGTGGATCAACAAGGATGGCGCGTTCCGCAACGCGTCGCCGTTCAAGTTCACGG|CGTTCCAGGCGGGGCCGA|GGATCTGCCT,'SNP outside Target,CGACGCGGCGAGCTTCCGGCCGGAGCGGTGGATCAACAAGGATGGCGCGTTCCGCAACGCGTCGCCGTTCAAGTTCACGGCGTTCCAGGCGGGGCCGAGGATCTGCCTGGGCAAGGACTCGGCGTACCTGCAGATGAAGATGGCGCTGGCCATCCTCTTCCGCTTCTACAGCTTC,10,0.01892%,52854,14,no
,,,,CGACGCGGCGAGCTTCCGGCCGGAGCGGTGGATCAACGGGGATGGCGCGTTCCGCAACGCGTCGCCGTTCAAGTTCACGG|CGTTCCAGGCGGGGCCGA|GGATCTGCCT,'SNP outside Target,CGACGCGGCGAGCTTCCGGCCGGAGCGGTGGATCAACGGGGATGGCGCGTTCCGCAACGCGTCGCCGTTCAAGTTCACGGCGTTCCAGGCGGGGCCGAGGATCTGCCTGGGCAAGGACTCGGCGTACCTGCAGATGAAGATGGCGCTGGCCATCCTCTTCCGCTTCTACAGCTTC,10,0.01892%,52854,6,no
,,,,CGACGCGGCGAGCTTCCGGCCGGAGCGGTGGATCAACGAGGATGGCGCGTTCCGCAACGCGTCGCCGTTCAAGTTCACGA|CGTTCCAGGCGGGGCCGA|GGATCTGCCT,'SNP outside Target,CGACGCGGCGAGCTTCCGGCCGGAGCGGTGGATCAACGAGGATGGCGCGTTCCGCAACGCGTCGCCGTTCAAGTTCACGACGTTCCAGGCGGGGCCGAGGATCTGCCTGGGCAAGGACTCGGCGTACCTGCAGATGAAGATGGCGCTGGCCATCCTCTTCCGCTTCTACAGCTTC,10,0.01892%,52854,7,no
,,,,CGACGCGGCGAGCTTCCGGCCGGAGCGGTGGATCAACGAGGATGGCGCGTTCCGCAACGCGTCGCCGTTCAAGTTCAAGG|CGTTCCAGGCGGGGCCGA|GGATCTGCCT,'SNP outside Target,CGACGCGGCGAGCTTCCGGCCGGAGCGGTGGATCAACGAGGATGGCGCGTTCCGCAACGCGTCGCCGTTCAAGTTCAAGGCGTTCCAGGCGGGGCCGAGGATCTGCCTGGGCAAGGACTCGGCGTACCTGCAGATGAAGATGGCGCTGGCCATCCTCTTCCGCTTCTACAGCTTC,10,0.01892%,52854,3,no
,,,,CGACGCGGCGAGCTTCCGGCCGGAGCGGTGGATCCACGAGGATGGCGCGTTCCGCAACGCGTCGCCGTTCAAGTTCACGG|CGTTCCAGGCGGGGCCGA|GGATCTGCCT,'SNP outside Target,CGACGCGGCGAGCTTCCGGCCGGAGCGGTGGATCCACGAGGATGGCGCGTTCCGCAACGCGTCGCCGTTCAAGTTCACGGCGTTCCAGGCGGGGCCGAGGATCTGCCTGGGCAAGGACTCGGCGTACCTGCAGATGAAGATGGCGCTGGCCATCCTCTTCCGCTTCTACAGCTTC,10,0.01892%,52854,4,no
,,,,CGACGCGGCGAGCTTCCGGCCGGAGCGGTGGATCAACGAGGATGGCGCGTTCCGCAACGCGTTGCCGTTCAAGTTCACGG|CGTTCCAGGCGGGGCCGA|GGATCTGCCT,'SNP outside Target,CGACGCGGCGAGCTTCCGGCCGGAGCGGTGGATCAACGAGGATGGCGCGTTCCGCAACGCGTTGCCGTTCAAGTTCACGGCGTTCCAGGCGGGGCCGAGGATCTGCCTGGGCAAGGACTCGGCGTACCTGCAGATGAAGATGGCGCTGGCCATCCTCTTCCGCTTCTACAGCTTC,10,0.01892%,52854,8,no
,,,,CGACGCGGCGAGCTTCCGGCCGGAGCGGTGGATCAACGAGGATGGCGCGTTCCGCAACGCGTCGCCGGTCAAGTTCACGG|CGTTCCAGGCGGGGCCGA|GGATCTGCCT,'SNP outside Target,CGACGCGGCGAGCTTCCGGCCGGAGCGGTGGATCAACGAGGATGGCGCGTTCCGCAACGCGTCGCCGGTCAAGTTCACGGCGTTCCAGGCGGGGCCGAGGATCTGCCTGGGCAAGGACTCGGCGTACCTGCAGATGAAGATGGCGCTGGCCATCCTCTTCCGCTTCTACAGCTTC,10,0.01892%,52854,0,yes
,,,,CGACGCGGCGAGCTTCCGGCCGGAGCGGTGGATCAACGAGGATGGCGCGTTCCGCAACGCGTCGCCGTTCAAGTTCGCGG|CGTTCCAGGCGGGGCCGA|GGATCTGCCT,'SNP outside Target,CGACGCGGCGAGCTTCCGGCCGGAGCGGTGGATCAACGAGGATGGCGCGTTCCGCAACGCGTCGCCGTTCAAGTTCGCGGCGTTCCAGGCGGGGCCGAGGATCTGCCTGGGCAAGGACTCGGCGTACCTGCAGATGAAGATGGCGCTGGCCATCCTCTTCCGCTTCTACAGCTTC,10,0.01892%,52854,6,no
,,,,CGACGCGGCGAGCTTCCGGCCGGAGCGGTGGATCAACGAGGATGGCGCGTTCCGCAACGCGCCGCCGTTCAAGTTCACGG|CGTTCCAGGCGGGGCCGA|GGATCTGCCT,'SNP outside Target,CGACGCGGCGAGCTTCCGGCCGGAGCGGTGGATCAACGAGGATGGCGCGTTCCGCAACGCGCCGCCGTTCAAGTTCACGGCGTTCCAGGCGGGGCCGAGGATCTGCCTGGGCAAGGACTCGGCGTACCTGCAGATGAAGATGGCGCTGGCCATCCTCTTCCGCTTCTACAGCTTC,10,0.01892%,52854,7,no
,,,,CGACGCGGCGAGCTTCCGGCCGGAGCGGTGGATCAACGAGGATGGCGCGTTCCGCAACGCGTCACCGTTCAAGTTCACGG|CGTTCCAGGCGGGGCCGA|GGATCTGCCT,'SNP outside Target,CGACGCGGCGAGCTTCCGGCCGGAGCGGTGGATCAACGAGGATGGCGCGTTCCGCAACGCGTCACCGTTCAAGTTCACGGCGTTCCAGGCGGGGCCGAGGATCTGCCTGGGCAAGGACTCGGCGTACCTGCAGATGAAGATGGCGCTGGCCATCCTCTTCCGCTTCTACAGCTTC,9,0.01703%,52854,7,no
,,,,CGACGCGGCGAGCTTCCGGCTGGAGCGGTGGATCAACGAGGATGGCGCGTTCCGCAACGCGTCGCCGTTCAAGTTCACGG|CGTTCCAGGCGGGGCCGA|GGATCTGCCT,'SNP outside Target,CGACGCGGCGAGCTTCCGGCTGGAGCGGTGGATCAACGAGGATGGCGCGTTCCGCAACGCGTCGCCGTTCAAGTTCACGGCGTTCCAGGCGGGGCCGAGGATCTGCCTGGGCAAGGACTCGGCGTACCTGCAGATGAAGATGGCGCTGGCCATCCTCTTCCGCTTCTACAGCTTC,9,0.01703%,52854,6,no
,,,,CGACGCGGCGAGCTTCCGGCCGGAGCGGTGGATCAACGAGGATGGCGCGTTCCGCAACGCGTCGCCGTGCAAGTTCACGG|CGTTCCAGGCGGGGCCGA|GGATCTGCCT,'SNP outside Target,CGACGCGGCGAGCTTCCGGCCGGAGCGGTGGATCAACGAGGATGGCGCGTTCCGCAACGCGTCGCCGTGCAAGTTCACGGCGTTCCAGGCGGGGCCGAGGATCTGCCTGGGCAAGGACTCGGCGTACCTGCAGATGAAGATGGCGCTGGCCATCCTCTTCCGCTTCTACAGCTTC,9,0.01703%,52854,2,no
,,,,CGACGCGGCGAGCTTCCGGCCGGAGCGGTGGATCAACGAGGATGGCGCGTTCCGCAACGCGTCGCCATTCAAGTTCACGG|CGTTCCAGGCGGGGCCGA|GGATCTGCCT,'SNP outside Target,CGACGCGGCGAGCTTCCGGCCGGAGCGGTGGATCAACGAGGATGGCGCGTTCCGCAACGCGTCGCCATTCAAGTTCACGGCGTTCCAGGCGGGGCCGAGGATCTGCCTGGGCAAGGACTCGGCGTACCTGCAGATGAAGATGGCGCTGGCCATCCTCTTCCGCTTCTACAGCTTC,9,0.01703%,52854,6,no
,,,,CGACGCGGCGAGCTTCCGGCCGGAGCGGTGGATCAACGAGGATGGCGCGTTCCGCAACGCGTCGCCGTTCAAGTTCCCGG|CGTTCCAGGCGGGGCCGA|GGATCTGCCT,'SNP outside Target,CGACGCGGCGAGCTTCCGGCCGGAGCGGTGGATCAACGAGGATGGCGCGTTCCGCAACGCGTCGCCGTTCAAGTTCCCGGCGTTCCAGGCGGGGCCGAGGATCTGCCTGGGCAAGGACTCGGCGTACCTGCAGATGAAGATGGCGCTGGCCATCCTCTTCCGCTTCTACAGCTTC,9,0.01703%,52854,4,no
,,,,CGACGCGGCGAGCTTCCGGCCGGAGCGGTGGATCAACGAGGATGGCGCGTTCCGCAACGCGTCGCCGTTCGAGTTCACGG|CGTTCCAGGCGGGGCCGA|GGATCTGCCT,'SNP outside Target,CGACGCGGCGAGCTTCCGGCCGGAGCGGTGGATCAACGAGGATGGCGCGTTCCGCAACGCGTCGCCGTTCGAGTTCACGGCGTTCCAGGCGGGGCCGAGGATCTGCCTGGGCAAGGACTCGGCGTACCTGCAGATGAAGATGGCGCTGGCCATCCTCTTCCGCTTCTACAGCTTC,9,0.01703%,52854,2,no
,,,,CGACGCGGCGAGCTTCCGGCCGGAGCGGTGGATCAACGAGGATGGCGCGTTCAGCAACGCGTCGCCGTTCAAGTTCACGG|CGTTCCAGGCGGGGCCGA|GGATCTGCCT,'SNP outside Target,CGACGCGGCGAGCTTCCGGCCGGAGCGGTGGATCAACGAGGATGGCGCGTTCAGCAACGCGTCGCCGTTCAAGTTCACGGCGTTCCAGGCGGGGCCGAGGATCTGCCTGGGCAAGGACTCGGCGTACCTGCAGATGAAGATGGCGCTGGCCATCCTCTTCCGCTTCTACAGCTTC,9,0.01703%,52854,5,no
,,,,CGACGCGGCGAGCTTCCGGCCGGAGCGGTGGATCAACGAGGATGGCGCGTTCCGCAACGCGTCGCCGTTCAAGTTCACGG|TGTTCCAGGCGGGGCCGA|GGATCTGCCT,' C to T ,CGACGCGGCGAGCTTCCGGCCGGAGCGGTGGATCAACGAGGATGGCGCGTTCCGCAACGCGTCGCCGTTCAAGTTCACGGTGTTCCAGGCGGGGCCGAGGATCTGCCTGGGCAAGGACTCGGCGTACCTGCAGATGAAGATGGCGCTGGCCATCCTCTTCCGCTTCTACAGCTTC,9,0.01703%,52854,5,no
,,,,CGACGCGGCGAGCTTCCGGCCGGAGCGGTGGGTCAACGAGGATGGCGCGTTCCGCAACGCGTCGCCGTTCAAGTTCACGG|CGTTCCAGGCGGGGCCGA|GGATCTGCCT,'SNP outside Target,CGACGCGGCGAGCTTCCGGCCGGAGCGGTGGGTCAACGAGGATGGCGCGTTCCGCAACGCGTCGCCGTTCAAGTTCACGGCGTTCCAGGCGGGGCCGAGGATCTGCCTGGGCAAGGACTCGGCGTACCTGCAGATGAAGATGGCGCTGGCCATCCTCTTCCGCTTCTACAGCTTC,9,0.01703%,52854,4,no
,,,,CGACGCGGCGAGCTTCCGGCCGGAGCGGTGGAACAACGAGGATGGCGCGTTCCGCAACGCGTCGCCGTTCAAGTTCACGG|CGTTCCAGGCGGGGCCGA|GGATCTGCCT,'SNP outside Target,CGACGCGGCGAGCTTCCGGCCGGAGCGGTGGAACAACGAGGATGGCGCGTTCCGCAACGCGTCGCCGTTCAAGTTCACGGCGTTCCAGGCGGGGCCGAGGATCTGCCTGGGCAAGGACTCGGCGTACCTGCAGATGAAGATGGCGCTGGCCATCCTCTTCCGCTTCTACAGCTTC,9,0.01703%,52854,1,no
,,,,CGACGCGGCGAGCTTCCGGCCGGAGCGGTGGATCAACGAGGATGGCGCGTTCCGCAACGCGTCGCCGTTCAAGTTCACGG|CGTTCCAGGC--GGCCGA|GGATCTGCCT,'-GG,CGACGCGGCGAGCTTCCGGCCGGAGCGGTGGATCAACGAGGATGGCGCGTTCCGCAACGCGTCGCCGTTCAAGTTCACGGCGTTCCAGGCGGCCGAGGATCTGCCTGGGCAAGGACTCGGCGTACCTGCAGATGAAGATGGCGCTGGCCATCCTCTTCCGCTTCTACAGCTTCCG,9,0.01703%,52854,0,yes
,,,,CGACGCGGCGAGCTTCCGGCCGGAGCGGTGGATCAACGAGGATGGCGCGGTCCGCAACGCGTCGCCGTTCAAGTTCACGG|CGTTCCAGGCGGGGCCGA|GGATCTGCCT,'SNP outside Target,CGACGCGGCGAGCTTCCGGCCGGAGCGGTGGATCAACGAGGATGGCGCGGTCCGCAACGCGTCGCCGTTCAAGTTCACGGCGTTCCAGGCGGGGCCGAGGATCTGCCTGGGCAAGGACTCGGCGTACCTGCAGATGAAGATGGCGCTGGCCATCCTCTTCCGCTTCTACAGCTTC,9,0.01703%,52854,2,no
,,,,CGACGCGGCGAGCTTCCGGCCGGAGCGGTGGATCAACGCGGATGGCGCGTTCCGCAACGCGTCGCCGTTCAAGTTCACGG|CGTTCCAGGCGGGGCCGA|GGATCTGCCT,'SNP outside Target,CGACGCGGCGAGCTTCCGGCCGGAGCGGTGGATCAACGCGGATGGCGCGTTCCGCAACGCGTCGCCGTTCAAGTTCACGGCGTTCCAGGCGGGGCCGAGGATCTGCCTGGGCAAGGACTCGGCGTACCTGCAGATGAAG,8,0.01514%,52854,0,yes
,,,,CGACGCGGCGAGCTTCCGGCCGGAGCGGTGGATCAACGAGGGTGGCGCGTTCCGCAACGCGTCGCCGTTCAAGTTCACGG|CGTTCCAGGCGGGGCCGA|GGATCTGCCT,'SNP outside Target,CGACGCGGCGAGCTTCCGGCCGGAGCGGTGGATCAACGAGGGTGGCGCGTTCCGCAACGCGTCGCCGTTCAAGTTCACGGCGTTCCAGGCGGGGCCGAGGATCTGCCTGGGCAAGGACTCGGCGTACCTGCAGATGAAGATGGCGCTGGCCATCCTCTTCCGCTTCTACAGCTTC,8,0.01514%,52854,5,no
,,,,CGACGCGGCGAGCTTCCGGCCGGAGCGGTGGATCAACGAGGATGGCGCGTTCCGCAACGCGTCGCCGTTCAAGTTCACGG|CGTTCCAGGCGGGGCCGG|GGATCTGCCT,' A to G ,CGACGCGGCGAGCTTCCGGCCGGAGCGGTGGATCAACGAGGATGGCGCGTTCCGCAACGCGTCGCCGTTCAAGTTCACGGCGTTCCAGGCGGGGCCGGGGATCTGCCTGGGCAAGGACTCGGCGTACCTGCAGATGAAGATGGCGCTGGCCATCCTCTTCCGCTTCTACAGCTTC,8,0.01514%,52854,2,no
,,,,CGACGCGGCGAGCTTCCGTCCGGAGCGGTGGATCAACGAGGATGGCGCGTTCCGCAACGCGTCGCCGTTCAAGTTCACGG|CGTTCCAGGCGGGGCCGA|GGATCTGCCT,'SNP outside Target,CGACGCGGCGAGCTTCCGTCCGGAGCGGTGGATCAACGAGGATGGCGCGTTCCGCAACGCGTCGCCGTTCAAGTTCACGGCGTTCCAGGCGGGGCCGAGGATCTGCCTGGGCAAGGACTCGGCGTACCTGCAGATGAAGATGGCGCTGGCCATCCTCTTCCGCTTCTACAGCTTC,8,0.01514%,52854,2,no
,,,,,,CGACGCGGCGAGCTTCCGGCTGCTGGAGGGGCACCCGGTGCAGTACCGCATGAACACTACCGTCGGATCGTGCGTGTTTCTCCGAATCTCGTATGCCGTCTTCTGCTTGAAAAAAAAAAAA,8,0.01514%,52854,0,yes
,,,,CGACGCGGCGAGCTTCCGGCCGGAGCGGTGGATCAACGAGGATGGCGCGTTCCGCAACGCGTCGCCGTTCAAGTTCACGG|C[,'Indel extends beyond Target,CGACGCGGCGAGCTTCCGGCCGGAGCGGTGGATCAACGAGGATGGCGCGTTCCGCAACGCGTCGCCGTTCAAGTTCACGGCCGAGGATCTGCCTGGGCAAGGACTCGGCGTACCTGCAGATGAAGATGGCGCTGGCCATCCTCTTCCGCTTCTACAGCTTCCGGCTGCTGGAGGG,8,0.01514%,52854,0,yes
,,,,CGACGCGGCGAGCTTCCGGCCGGAGCGGTGGATCAACGAGGATGGCGCGTTCCGCAACGTGTCGCCGTTCAAGTTCACGG|CGTTCCAGGCGGGGCCGA|GGATCTGCCT,'SNP outside Target,CGACGCGGCGAGCTTCCGGCCGGAGCGGTGGATCAACGAGGATGGCGCGTTCCGCAACGTGTCGCCGTTCAAGTTCACGGCGTTCCAGGCGGGGCCGAGGATCTGCCTGGGCAAGGACTCGGCGTACCTGCAGATGAAGATGGCGCTGGCCATCCTCTTCCGCTTCTACAGCTTC,8,0.01514%,52854,4,no
,,,,CGACGCGGCGAGCTTCCGGCCGGAGCGGTGGATCAACGAGGATGGCGCGTTCCGCAACGCGTCGCCGTTCAAGTTCACGG|CGTTTCAGGCGGGGCCGA|GGATCTGCCT,' C to T ,CGACGCGGCGAGCTTCCGGCCGGAGCGGTGGATCAACGAGGATGGCGCGTTCCGCAACGCGTCGCCGTTCAAGTTCACGGCGTTTCAGGCGGGGCCGAGGATCTGCCTGGGCAAGGACTCGGCGTACCTGCAGATGAAGATGGCGCTGGCCATCCTCTTCCGCTTCTACAGCTTC,8,0.01514%,52854,10,no
,,,,CGACGCGGCGAGCTTCCGGCCGGAGCGGTGGATCAACGAGGATGGCGCGTTCCGCAACGCGTCGCCGTTCAAGTTCACGG|CGTTCCAGGCGGGGCCGT|GGATCTGCCT,' A to T ,CGACGCGGCGAGCTTCCGGCCGGAGCGGTGGATCAACGAGGATGGCGCGTTCCGCAACGCGTCGCCGTTCAAGTTCACGGCGTTCCAGGCGGGGCCGTGGATCTGCCTGGGCAAGGACTCGGCGTACCTGCAGATGAAGATGGCGCTGGCCATCCTCTTCCGCTTCTACAGCTTC,8,0.01514%,52854,4,no
,,,,CGACGCGGCGAGCTTCCGGCCGGAGCGGTGGATCAGCGAGGATGGCGCGTTCCGCAACGCGTCGCCGTTCAAGTTCACGG|CGTTCCAGGCGGGGCCGA|GGATCTGCCT,'SNP outside Target,CGACGCGGCGAGCTTCCGGCCGGAGCGGTGGATCAGCGAGGATGGCGCGTTCCGCAACGCGTCGCCGTTCAAGTTCACGGCGTTCCAGGCGGGGCCGAGGATCTGCCTGGGCAAGGACTCGGCGTACCTGCAGATGAAGATGGCGCTGGCCATCCTCTTCCGCTTCTACAGCTTC,8,0.01514%,52854,8,no
,,,,CGACGCGGCGAGCTTCCGGCCGGAGCGGTGGATCAACGAGGATGGCGCGTTCCGCAACGCGTCGCCGTTCAAGTTCACGG|CGTTCCAGGCTGGGCCGA|GGATCTGCCT,' G to T ,CGACGCGGCGAGCTTCCGGCCGGAGCGGTGGATCAACGAGGATGGCGCGTTCCGCAACGCGTCGCCGTTCAAGTTCACGGCGTTCCAGGCTGGGCCGAGGATCTGCCTGGGCAAGGACTCGGCGTACCTGCAGATGAAGATGGCGCTGGCCATCCTCTTCCGCTTCTACAGCTTC,8,0.01514%,52854,2,no
,,,,CGACGCGGCGAGCTTCCGGCCGGAGCGGTGGATCAACGAGGATGGCGCGATCCGCAACGCGTCGCCGTTCAAGTTCACGG|CGTTCCAGGCGGGGCCGA|GGATCTGCCT,'SNP outside Target,CGACGCGGCGAGCTTCCGGCCGGAGCGGTGGATCAACGAGGATGGCGCGATCCGCAACGCGTCGCCGTTCAAGTTCACGGCGTTCCAGGCGGGGCCGAGGATCTGCCTGGGCAAGGACTCGGCGTACCTGCAGATGAAGATGGCGCTGGCCATCCTCTTCCGCTTCTACAGCTTC,8,0.01514%,52854,1,no
,,,,CGACGCGGCGAGCTTCCGGCCGGAGCGGTGGATCAACGAGGATGGCGCGTTCCGCAACGCGTCGCCGTTCAAGTTCACGG|CGTTCCAGGC+GGGGCCGA|GGATCTGCCT,'+G,CGACGCGGCGAGCTTCCGGCCGGAGCGGTGGATCAACGAGGATGGCGCGTTCCGCAACGCGTCGCCGTTCAAGTTCACGGCGTTCCAGGCGGGGGCCGAGGATCTGCCTGGGCAAGGACTCGGCGTACCTGCAGATGAAGATGGCGCTGGCCATCCTCTTCCGCTTCTACAGCTT,8,0.01514%,52854,0,yes
,,,,CGACGCGGCGAGCTTCCGGCCGGAGCGGTGGATCAACGAGGATGGCGCGTTCCGCAACGCGTCGCCGTTCAAGATCACGG|CGTTCCAGGCGGGGCCGA|GGATCTGCCT,'SNP outside Target,CGACGCGGCGAGCTTCCGGCCGGAGCGGTGGATCAACGAGGATGGCGCGTTCCGCAACGCGTCGCCGTTCAAGATCACGGCGTTCCAGGCGGGGCCGAGGATCTGCCTGGGCAAGGACTCGGCGTACCTGCAGATGAAGATGGCGCTGGCCATCCTCTTCCGCTTCTACAGCTTC,7,0.01324%,52854,2,no
,,,,CGACGCGGCGAGCTTCCGGCCGGAGCGGTGGATCAACGAGGATGGCGCGTTCCGCAACGCGTCGCCGTTCAAGTTCACGG|CGTTCCAGGC---GCCGA|GGATCTGCCT,'-GGG,CGACGCGGCGAGCTTCCGGCCGGAGCGGTGGATCAACGAGGATGGCGCGTTCCGCAACGCGTCGCCGTTCAAGTTCACGGCGTTCCAGGCGCCGAGGATCTGCCTGGGCAAGGACTCGGCGTACCTGCAGATGAAGATGGCGCTGGCCATCCTCTTCCGCTTCTACAGCTTCCGG,7,0.01324%,52854,0,yes
,,,,CGACGCGGCGAGCTTCCGGCCGGAGCGGTGGATCAACGAGGAGGGCGCGTTCCGCAACGCGTCGCCGTTCAAGTTCACGG|CGTTCCAGGCGGGGCCGA|GGATCTGCCT,'SNP outside Target,CGACGCGGCGAGCTTCCGGCCGGAGCGGTGGATCAACGAGGAGGGCGCGTTCCGCAACGCGTCGCCGTTCAAGTTCACGGCGTTCCAGGCGGGGCCGAGGATCTGCCTGGGCAAGGACTCGGCGTACCTGCAGATGAAGATGGCGCTGGCCATCCTCTTCCGCTTCTACAGCTTC,7,0.01324%,52854,5,no
,,,,CGACGCGGCGAGCTTCCGGCCGGAGCGGTAGATCAACGAGGATGGCGCGTTCCGCAACGCGTCGCCGTTCAAGTTCACGG|CGTTCCAGGCGGGGCCGA|GGATCTGCCT,'SNP outside Target,CGACGCGGCGAGCTTCCGGCCGGAGCGGTAGATCAACGAGGATGGCGCGTTCCGCAACGCGTCGCCGTTCAAGTTCACGGCGTTCCAGGCGGGGCCGAGGATCTGCCTGGGCAAGGACTCGGCGTACCTGCAGATGAAGATGGCGCTGGCCATCCTCTTCCGCTTCTACAGCTTC,7,0.01324%,52854,7,no
,,,,CGACGCGGCGAGCTTCCGGCCGGAGCGGTGGATCAACGAGGATGGCGCGTTCCGCAACGCGTCGCCGTTCAAGTTCACGG|CGTTCCA----GGGCCGA|GGATCTGCCT,'-GGCG,CGACGCGGCGAGCTTCCGGCCGGAGCGGTGGATCAACGAGGATGGCGCGTTCCGCAACGCGTCGCCGTTCAAGTTCACGGCGTTCCAGGGCCGAGGATCTGCCTGGGCAAGGACTCGGCGTACCTGCAGATGAAGATGGCGCTGGCCATCCTCTTCCGCTTCTACAGCTTCCGGC,7,0.01324%,52854,0,yes
,,,,CGACGCGGCGAGCTTCCGGCCGGAGCGGTGGATCAACGAGGATGGCGCGTTCCGCAACGCGTCGCCGTTCAAGTTCACGG|CATTCCAGGCGGGGCCGA|GGATCTGCCT,' G to A ,CGACGCGGCGAGCTTCCGGCCGGAGCGGTGGATCAACGAGGATGGCGCGTTCCGCAACGCGTCGCCGTTCAAGTTCACGGCATTCCAGGCGGGGCCGAGGATCTGCCTGGGCAAGGACTCGGCGTACCTGCAGATGAAGATGGCGCTGGCCATCCTCTTCCGCTTCTACAGCTTC,7,0.01324%,52854,9,no
,,,,CGACGCGGCGAGCTTCCGGCCGGAGCGGTGGATCAACGAGGATGGCGCGTTCCGCAACGCGTCGCCGTTCAAGTTCACGG|CGTTCCAGTCGGGGCCGA|GGATCTGCCT,' G to T ,CGACGCGGCGAGCTTCCGGCCGGAGCGGTGGATCAACGAGGATGGCGCGTTCCGCAACGCGTCGCCGTTCAAGTTCACGGCGTTCCAGTCGGGGCCGAGGATCTGCCTGGGCAAGGACTCGGCGTACCTGCAGATGAAGATGGCGCTGGCCATCCTCTTCCGCTTCTACAGCTTC,7,0.01324%,52854,5,no
,,,,CGACGCGGCGAGCTTCCGGCCGGAGCGGTGGATCAACGAGGATGGCGCGTTCCGCAACGCGTCGCCGTTCAAGTTCACGG|CGTTCCAGGCGGGGCCGA|GGGTCTGCCT,'SNP outside Target,CGACGCGGCGAGCTTCCGGCCGGAGCGGTGGATCAACGAGGATGGCGCGTTCCGCAACGCGTCGCCGTTCAAGTTCACGGCGTTCCAGGCGGGGCCGAGGGTCTGCCTGGGCAAGGACTCGGCGTACCTGCAGATGAAGATGGCGCTGGCCATCCTCTTCCGCTTCTACAGCTTC,7,0.01324%,52854,6,no
,,,,CGACGCGGCGAGCTTCCGGCCGGAGCGGTGGATCAACGAGGATGGCGCGTTCCGCAACACGTCGCCGTTCAAGTTCACGG|CGTTCCAGGCGGGGCCGA|GGATCTGCCT,'SNP outside Target,CGACGCGGCGAGCTTCCGGCCGGAGCGGTGGATCAACGAGGATGGCGCGTTCCGCAACACGTCGCCGTTCAAGTTCACGGCGTTCCAGGCGGGGCCGAGGATCTGCCTGGGCAAGGACTCGGCGTACCTGCAGATGAAGATGGCGCTGGCCATCCTCTTCCGCTTCTACAGCTTC,7,0.01324%,52854,4,no
,,,,CGACGCGGCGAGCTTCCGGCCGGAGTGGTGGATCAACGAGGATGGCGCGTTCCGCAACGCGTCGCCGTTCAAGTTCACGG|CGTTCCAGGCGGGGCCGA|GGATCTGCCT,'SNP outside Target,CGACGCGGCGAGCTTCCGGCCGGAGTGGTGGATCAACGAGGATGGCGCGTTCCGCAACGCGTCGCCGTTCAAGTTCACGGCGTTCCAGGCGGGGCCGAGGATCTGCCTGGGCAAGGACTCGGCGTACCTGCAGATGAAGATGGCGCTGGCCATCCTCTTCCGCTTCTACAGCTTC,7,0.01324%,52854,14,no
,,,,CGACGCGGCGAGCTTCCGGCCGGAGCGGTGGATCAACGAGGATGGCGCGTTCCGCAACGCGTCGCCGTTCAAGTTCACGG|CGTTCCAGGCGGAGCCGA|GGATCTGCCT,' G to A ,CGACGCGGCGAGCTTCCGGCCGGAGCGGTGGATCAACGAGGATGGCGCGTTCCGCAACGCGTCGCCGTTCAAGTTCACGGCGTTCCAGGCGGAGCCGAGGATCTGCCTGGGCAAGGACTCGGCGTACCTGCAGATGAAGATGGCGCTGGCCATCCTCTTCCGCTTCTACAGCTTC,7,0.01324%,52854,5,no
,,,,CGACGCGGCGAGCTTCCGGCCGGAGCGGTGGATCAACGAGGATGGCGCGTTCCGCAACGCGTCGCCGTTCAAGTTCACGG|AGTTCCAGGCGGGGCCGA|GGATCTGCCT,' C to A ,CGACGCGGCGAGCTTCCGGCCGGAGCGGTGGATCAACGAGGATGGCGCGTTCCGCAACGCGTCGCCGTTCAAGTTCACGGAGTTCCAGGCGGGGCCGAGGATCTGCCTGGGCAAGGACTCGGCGTACCTGCAGATGAAGATGGCGCTGGCCATCCTCTTCCGCTTCTACAGCTTC,7,0.01324%,52854,3,no
,,,,CGACGCGGCGAGCTTCCGGCCGGAGCGGTGGATCAACGAGGATGGCGCGTTCCGCAACGCATCGCCGTTCAAGTTCACGG|CGTTCCAGGCGGGGCCGA|GGATCTGCCT,'SNP outside Target,CGACGCGGCGAGCTTCCGGCCGGAGCGGTGGATCAACGAGGATGGCGCGTTCCGCAACGCATCGCCGTTCAAGTTCACGGCGTTCCAGGCGGGGCCGAGGATCTGCCTGGGCAAGGACTCGGCGTACCTGCAGATGAAGATGGCGCTGGCCATCCTCTTCCGCTTCTACAGCTTC,7,0.01324%,52854,5,no
,,,,CGACGCGGCGAGCTTCCGGCCGGGGCGGTGGATCAACGAGGATGGCGCGTTCCGCAACGCGTCGCCGTTCAAGTTCACGG|CGTTCCAGGCGGGGCCGA|GGATCTGCCT,'SNP outside Target,CGACGCGGCGAGCTTCCGGCCGGGGCGGTGGATCAACGAGGATGGCGCGTTCCGCAACGCGTCGCCGTTCAAGTTCACGGCGTTCCAGGCGGGGCCGAGGATCTGCCTGGGCAAGGACTCGGCGTACCTGCAGATGAAGATGGCGCTGGCCATCCTCTTCCGCTTCTACAGCTTC,7,0.01324%,52854,4,no
,,,,CGACGCGGCGAGCTTCCGGCCGGAGCGGTGGATCAACGAGGATGGCGCATTCCGCAACGCGTCGCCGTTCAAGTTCACGG|CGTTCCAGGCGGGGCCGA|GGATCTGCCT,'SNP outside Target,CGACGCGGCGAGCTTCCGGCCGGAGCGGTGGATCAACGAGGATGGCGCATTCCGCAACGCGTCGCCGTTCAAGTTCACGGCGTTCCAGGCGGGGCCGAGGATCTGCCTGGGCAAGGACTCGGCGTACCTGCAGATGAAGATGGCGCTGGCCATCCTCTTCCGCTTCTACAGCTTC,7,0.01324%,52854,6,no
,,,,CGACGCGGCGAGCTTCCGGCCGGAGCGGTGGATCAACGAGGATGGCGCGTTCCGCAACGCGTCGCCGTTCAAGTTCACGT|CGTTCCAGGCGGGGCCGA|GGATCTGCCT,'SNP outside Target,CGACGCGGCGAGCTTCCGGCCGGAGCGGTGGATCAACGAGGATGGCGCGTTCCGCAACGCGTCGCCGTTCAAGTTCACGTCGTTCCAGGCGGGGCCGAGGATCTGCCTGGGCAAGGACTCGGCGTACCTGCAGATGAAGATGGCGCTGGCCATCCTCTTCCGCTTCTACAGCTTC,7,0.01324%,52854,1,no
,,,,CGACGCGGCGAGCTTCCGGCCGGAGCGGTGGATCAACGAGGATGGCGCGTTCCGCAACGCGTCGCCGTTCAAGTTCACGG|CGTTCCAGGCGGGGTCGA|GGATCTGCCT,' C to T ,CGACGCGGCGAGCTTCCGGCCGGAGCGGTGGATCAACGAGGATGGCGCGTTCCGCAACGCGTCGCCGTTCAAGTTCACGGCGTTCCAGGCGGGGTCGAGGATCTGCCTGGGCAAGGACTCGGCGTACCTGCAGATGAAGATGGCGCTGGCCATCCTCTTCCGCTTCTACAGCTTC,7,0.01324%,52854,8,no
,,,,CGACGCGGCGAGCTTCCGGCCGGAGCGGTGGATCAACGAGGATGACGCGTTCCGCAACGCGTCGCCGTTCAAGTTCACGG|CGTTCCAGGCGGGGCCGA|GGATCTGCCT,'SNP outside Target,CGACGCGGCGAGCTTCCGGCCGGAGCGGTGGATCAACGAGGATGACGCGTTCCGCAACGCGTCGCCGTTCAAGTTCACGGCGTTCCAGGCGGGGCCGAGGATCTGCCTGGGCAAGGACTCGGCGTACCTGCAGATGAAGATGGCGCTGGCCATCCTCTTCCGCTTCTACAGCTTC,7,0.01324%,52854,6,no
,,,,CGACGCGGCGAGCTTCCGGCCGGAGCGGTGGATCAACGAGGATGGCGCGTTCCGCAACGCGTCGCCGTTCAAGTTCACGG|CGT,'Indel extends beyond Target,CGACGCGGCGAGCTTCCGGCCGGAGCGGTGGATCAACGAGGATGGCGCGTTCCGCAACGCGTCGCCGTTCAAGTTCACGGCGTCGAGGATCTGCCTGGGCAAGGACTCGGCGTACCTGCAGATGAAGATGGCGCTGGCCATCCTCTTCCGCTTCTACAGC,7,0.01324%,52854,0,yes
,,,,CGACGCGGCGAGCTTCCGGCCGGAGCGGTGGATCAACGAGGATGGCGCGTTCCGCAATGCGTCGCCGTTCAAGTTCACGG|CGTTCCAGGCGGGGCCGA|GGATCTGCCT,'SNP outside Target,CGACGCGGCGAGCTTCCGGCCGGAGCGGTGGATCAACGAGGATGGCGCGTTCCGCAATGCGTCGCCGTTCAAGTTCACGGCGTTCCAGGCGGGGCCGAGGATCTGCCTGGGCAAGGACTCGGCGTACCTGCAGATGAAGATGGCGCTGGCCATCCTCTTCCGCTTCTACAGCTTC,7,0.01324%,52854,9,no
,,,,CGACGCGGCGAGCTTCCGGCCGGAGCGGTGGATCAACGAGGATGGCGCGTTCCGCAACGCGTCGCCGTTCAAGTTCACGG|CGT---------GGCCGA|GGATCTGCCT,'-TCCAGGCGG,CGACGCGGCGAGCTTCCGGCCGGAGCGGTGGATCAACGAGGATGGCGCGTTCCGCAACGCGTCGCCGTTCAAGTTCACGGCGTGGCCGAGGATCTGCCTGGGCAAGGACTCGGCGTACCTGCAGATGAAGATGGCGCTGGCCATCCTCTTCCGCTTCTACAGCTTCCGGCTG,7,0.01324%,52854,0,yes
,,,,CGACGCGGCGAGCTTCCGGCCGGAGCGGTGGATCAACGAGGATGGCGCGTTCCGCAACGCGTCGCCGTTCAAGTTCACGG|CGTT--------GGCCGA|GGATCTGCCT,'-CCAGGCGG,CGACGCGGCGAGCTTCCGGCCGGAGCGGTGGATCAACGAGGATGGCGCGTTCCGCAACGCGTCGCCGTTCAAGTTCACGGCGTTGGCCGAGGATCTGCCTGGGCAAGGACTCGGCGTACCTGCAGATGAAGATGGCGCTGGCCATCCTCTTCCGCTTCTACAGCTTCCGGCTG,6,0.01135%,52854,0,yes
,,,,CGACGCGGCGAGCTTCCGGCCGGAGCGGTGGATCAACGAGGATGGCGCGTTCCGCAACGCGTCGCCGTTCAAGTTCACGG|CGTCCCAGGCGGGGCCGA|GGATCTGCCT,' T to C ,CGACGCGGCGAGCTTCCGGCCGGAGCGGTGGATCAACGAGGATGGCGCGTTCCGCAACGCGTCGCCGTTCAAGTTCACGGCGTCCCAGGCGGGGCCGAGGATCTGCCTGGGCAAGGACTCGGCGTACCTGCAGATGAAGATGGCGCTGGCCATCCTCTTCCGCTTCTACAGCTTC,6,0.01135%,52854,7,no
,,,,CGACGCGGCGAGCTTCCGGCCGGAGCGGTGGATCAACGAGGATGGCGCGTTCCGCAACGCGTCGCCGTTCAAGTTCACGG|CGTTC,'Indel extends beyond Target,CGACGCGGCGAGCTTCCGGCCGGAGCGGTGGATCAACGAGGATGGCGCGTTCCGCAACGCGTCGCCGTTCAAGTTCACGGCGTTCGAGGATCTGCCTGGGCAAGGACTCGGCGTACCTGCAGATGAAGATGGCGCTGGCCATCCTCTTCCGCTTCTACAGCTTCCGGCTGCTGGA,6,0.01135%,52854,0,yes
,,,,CGACGCGGCGAGCTTCCGGCCGGAGCGGTGGATCAACGAGGATGGCGCGTTCCGCAACGCGTCGCCGTTCAAGTTCACGG|CGTTC,'Indel extends beyond Target,CGACGCGGCGAGCTTCCGGCCGGAGCGGTGGATCAACGAGGATGGCGCGTTCCGCAACGCGTCGCCGTTCAAGTTCACGGCGTTCGATCTGCCTGGGCAAGGACTCGGCGTACCTGCAGATGAAGATGGCGCTGGCCATCCTCTTCCGCTTCTACAGCTTCCGGCTGCTGGAGGG,6,0.01135%,52854,0,yes
,,,,CGACGCGGCGAGCTTCCGGCCGGAGCGGTGGATCAACGAGGATGGCGCGTTCCGCAACGCGTCGCCGTACAAGTTCACGG|CGTTCCAGGCGGGGCCGA|GGATCTGCCT,'SNP outside Target,CGACGCGGCGAGCTTCCGGCCGGAGCGGTGGATCAACGAGGATGGCGCGTTCCGCAACGCGTCGCCGTACAAGTTCACGGCGTTCCAGGCGGGGCCGAGGATCTGCCTGGGCAAGGACTCGGCGTACCTGCAGATGAAGATGGCGCTGGCCATCCTCTTCCGCTTCTACAGCTTC,6,0.01135%,52854,4,no
,,,,CGACGCGGCGAGCTTCCGGCCGGAGCGGTGGATCAACGAGGATGGCGCGTTCCGCAGCGCGTCGCCGTTCAAGTTCACGG|CGTTCCAGGCGGGGCCGA|GGATCTGCCT,'SNP outside Target,CGACGCGGCGAGCTTCCGGCCGGAGCGGTGGATCAACGAGGATGGCGCGTTCCGCAGCGCGTCGCCGTTCAAGTTCACGGCGTTCCAGGCGGGGCCGAGGATCTGCCTGGGCAAGGACTCGGCGTACCTGCAGATGAAGATGGCGCTGGCCATCCTCTTCCGCTTCTACAGCTTC,6,0.01135%,52854,6,no
,,,,CGACGCGGCGAGCTTCCGGCCGGAGCGGTGGATCAACGAGGATGGCGCGTTCCGCAACGCGTCGCCGTTCAAGTTCACGG|CGTTCCAGGCGGGGCCAA|GGATCTGCCT,' G to A ,CGACGCGGCGAGCTTCCGGCCGGAGCGGTGGATCAACGAGGATGGCGCGTTCCGCAACGCGTCGCCGTTCAAGTTCACGGCGTTCCAGGCGGGGCCAAGGATCTGCCTGGGCAAGGACTCGGCGTACCTGCAGATGAAGATGGCGCTGGCCATCCTCTTCCGCTTCTACAGCTTC,6,0.01135%,52854,8,no
,,,,CGACGCGGCGAGCTTCCGGCCGAAGCGGTGGATCAACGAGGATGGCGCGTTCCGCAACGCGTCGCCGTTCAAGTTCACGG|CGTTCCAGGCGGGGCCGA|GGATCTGCCT,'SNP outside Target,CGACGCGGCGAGCTTCCGGCCGAAGCGGTGGATCAACGAGGATGGCGCGTTCCGCAACGCGTCGCCGTTCAAGTTCACGGCGTTCCAGGCGGGGCCGAGGATCTGCCTGGGCAAGGACTCGGCGTACCTGCAGATGAAGATGGCGCTGGCCATCCTCTTCCGCTTCTACAGCTTC,6,0.01135%,52854,0,yes
,,,,CGACGCGGCGAGCTTCCGGCCGGAGCGGTGGATCAACGAAGATGGCGCGTTCCGCAACGCGTCGCCGTTCAAGTTCACGG|CGTTCCAGGCGGGGCCGA|GGATCTGCCT,'SNP outside Target,CGACGCGGCGAGCTTCCGGCCGGAGCGGTGGATCAACGAAGATGGCGCGTTCCGCAACGCGTCGCCGTTCAAGTTCACGGCGTTCCAGGCGGGGCCGAGGATCTGCCTGGGCAAGGACTCGGCGTACCTGCAGATGAAGATGGCGCTGGCCATCCTCTTCCGCTTCTACAGCTTC,6,0.01135%,52854,6,no
,,,,CGACGCGGCGAGCTTCCGGCCGGAGCGGTGGATCAACGAGGATGGCGCGTTCCGCAACGCGTCGCCG[,'Indel before Target,CGACGCGGCGAGCTTCCGGCCGGAGCGGTGGATCAACGAGGATGGCGCGTTCCGCAACGCGTCGCCGAGGATCTGCCTGGGCAAGGACTCGGCGTACCTGCAGATGAAGATGGCGCTGGCCATCCTCTTCCGCTTCTACAGCTTCCGGCTGCTGGAGGGGCACCCGGTGCAGTA,6,0.01135%,52854,0,yes
,,,,CGACGCGGCGAGCTTCCGGCCGGAGCGGTGGACCAACGAGGATGGCGCGTTCCGCAACGCGTCGCCGTTCAAGTTCACGG|CGTTCCAGGCGGGGCCGA|GGATCTGCCT,'SNP outside Target,CGACGCGGCGAGCTTCCGGCCGGAGCGGTGGACCAACGAGGATGGCGCGTTCCGCAACGCGTCGCCGTTCAAGTTCACGGCGTTCCAGGCGGGGCCGAGGATCTGCCTGGGCAAGGACTCGGCGTACCTGCAGATGAAGATGGCGCTGGCCATCCTCTTCCGCTTCTACAGCTTC,6,0.01135%,52854,1,no
,,,,,,CGACGCGGCGAGCTTCCGCACCCTCTCCTAGCCCATCTCGGCCACGTCTCCCCCTCTCTTTCCCCTGGCGGCCCATCCCATAGCTGAGGCCCACCCCGGTGCGCTCGCGCCTCGGCCCACCTCATCCCCGTGGCCTGCTCCTCGCGGCCCAACCGGTGCAGTACCGCATGAACAC,6,0.01135%,52854,5,no
,,,,CGACGCGGCGAGCTTCCGGCCGGAGCGGTGGATCAACGAGGATGGCGCGTTCCGCAACGCGTCGCCGTTCAAGTCCACGG|CGTTCCAGGCGGGGCCGA|GGATCTGCCT,'SNP outside Target,CGACGCGGCGAGCTTCCGGCCGGAGCGGTGGATCAACGAGGATGGCGCGTTCCGCAACGCGTCGCCGTTCAAGTCCACGGCGTTCCAGGCGGGGCCGAGGATCTGCCTGGGCAAGGACTCGGCGTACCTGCAGATGAAGATGGCGCTGGCCATCCTCTTCCGCTTCTACAGCTTC,6,0.01135%,52854,7,no
,,,,CGACGCGGCGAGCTTCCGGCCGGAGCGGTGGATCAACGAGGATGGCGCGTTCCGTAACGCGTCGCCGTTCAAGTTCACGG|CGTTCCAGGCGGGGCCGA|GGATCTGCCT,'SNP outside Target,CGACGCGGCGAGCTTCCGGCCGGAGCGGTGGATCAACGAGGATGGCGCGTTCCGTAACGCGTCGCCGTTCAAGTTCACGGCGTTCCAGGCGGGGCCGAGGATCTGCCTGGGCAAGGACTCGGCGTACCTGCAGATGAAGATGGCGCTGGCCATCCTCTTCCGCTTCTACAGCTTC,6,0.01135%,52854,5,no
,,,,CGACGCGGCGAGCTTCCGGCCGGAGCGGTGGATCAACGAGGATGGCGCGTTCCGCAACGCGTCGCCGTTCAAGTACACGG|CGTTCCAGGCGGGGCCGA|GGATCTGCCT,'SNP outside Target,CGACGCGGCGAGCTTCCGGCCGGAGCGGTGGATCAACGAGGATGGCGCGTTCCGCAACGCGTCGCCGTTCAAGTACACGGCGTTCCAGGCGGGGCCGAGGATCTGCCTGGGCAAGGACTCGGCGTACCTGCAGATGAAGATGGCGCTGGCCATCCTCTTCCGCTTCTACAGCTTC,6,0.01135%,52854,3,no
,,,,CGACGCGGCGAGCTTCCGGCCGGAGCGGTGGATCAACGAGGATGGCGCGTTCCGCAACGCGTCGCCGTTCAAGTTCACGG|CGCTCCAGGCGGGGCCGA|GGATCTGCCT,' T to C ,CGACGCGGCGAGCTTCCGGCCGGAGCGGTGGATCAACGAGGATGGCGCGTTCCGCAACGCGTCGCCGTTCAAGTTCACGGCGCTCCAGGCGGGGCCGAGGATCTGCCTGGGCAAGGACTCGGCGTACCTGCAGATGAAGATGGCGCTGGCCATCCTCTTCCGCTTCTACAGCTTC,5,0.00946%,52854,5,no
,,,,CGACGCGGCGAGCTTCCGGCCGGAGCGGTGGAGCAACGAGGATGGCGCGTTCCGCAACGCGTCGCCGTTCAAGTTCACGG|CGTTCCAGGCGGGGCCGA|GGATCTGCCT,'SNP outside Target,CGACGCGGCGAGCTTCCGGCCGGAGCGGTGGAGCAACGAGGATGGCGCGTTCCGCAACGCGTCGCCGTTCAAGTTCACGGCGTTCCAGGCGGGGCCGAGGATCTGCCTGGGCAAGGACTCGGCG,5,0.00946%,52854,1,no
,,,,CGACGCGGCGAGCTTCCGGCCGGAGCGGTGGATCAACGAGGATGGCGCGTTCCGCAACGCGTCGCCGTTCAAGTTCACGG|CGTTCCAGGCGGGGCCGA|GAATCTGCCT,'SNP outside Target,CGACGCGGCGAGCTTCCGGCCGGAGCGGTGGATCAACGAGGATGGCGCGTTCCGCAACGCGTCGCCGTTCAAGTTCACGGCGTTCCAGGCGGGGCCGAGAATCTGCCTGGGCAAGGACTCGGCGTACCTGCAGATGAAGATGGCGCTGGCCATCCTCTTCCGCTTCTACAGCTTC,5,0.00946%,52854,5,no
,,,,CGACGCGGCGAGCTTCCGGCCGGAGCGGTGGATCAACGAGGATGGCGCGTTTCGCAACGCGTCGCCGTTCAAGTTCACGG|CGTTCCAGGCGGGGCCGA|GGATCTGCCT,'SNP outside Target,CGACGCGGCGAGCTTCCGGCCGGAGCGGTGGATCAACGAGGATGGCGCGTTTCGCAACGCGTCGCCGTTCAAGTTCACGGCGTTCCAGGCGGGGCCGAGGATCTGCCTGGGCAAGGACTCGGCGTACCTGCAGATGAAGATGGCGCTGGCCATCCTCTTCCGCTTCTACAGCTTC,5,0.00946%,52854,5,no
,,,,CGACGCGGCGAGCTTCCGGCCGGAGCGGTGGATCAACGAGAATGGCGCGTTCCGCAACGCGTCGCCGTTCAAGTTCACGG|CGTTCCAGGCGGGGCCGA|GGATCTGCCT,'SNP outside Target,CGACGCGGCGAGCTTCCGGCCGGAGCGGTGGATCAACGAGAATGGCGCGTTCCGCAACGCGTCGCCGTTCAAGTTCACGGCGTTCCAGGCGGGGCCGAGGATCTGCCTGGGCAAGGACTCGGCGTACCTGCAGATGAAGATGGCGCTGGCCATCCTCTTCCGCTTCTACAGCTTC,5,0.00946%,52854,4,no
,,,,CGACGCGGCGAGCTTCCGGCCGGAGCGGTGGATCAACGAGGATGGCGCGTTCCGCAACGCGTCGCCGCTCAAGTTCACGG|CGTTCCAGGCGGGGCCGA|GGATCTGCCT,'SNP outside Target,CGACGCGGCGAGCTTCCGGCCGGAGCGGTGGATCAACGAGGATGGCGCGTTCCGCAACGCGTCGCCGCTCAAGTTCACGGCGTTCCAGGCGGGGCCGAGGATCTGCCTGGGCAAGGACTCGGCGTACCTGCAGATGAAGATGGCGCTGGCCATCCTCTTCCGCTTCTACAGCTTC,5,0.00946%,52854,7,no
,,,,CGACGCGGCGAGCTTCCGGCCGGAGCGGTGGATCAACGAGGATGGCGCGTTCCGCAACGCGTCGCCGTTCAAGTTCACGG|CGTTCC,'Indel extends beyond Target,CGACGCGGCGAGCTTCCGGCCGGAGCGGTGGATCAACGAGGATGGCGCGTTCCGCAACGCGTCGCCGTTCAAGTTCACGGCGTTCCCGAGGATCTGCCTGGGCAAGGACTCGGCGTACCTGCAGATGAAGATGGCGCTGGCCATCCTCTTCCGCTTCTACAGCTTCCGGCTG,5,0.00946%,52854,0,yes
,,,,CGACGCGGCGAGCTTCCGGCCGGAGCGGTGGATCAACGAGGATGGCGCGTTCCGCAACGCGTCGCCGTTCAAGTTCACGG|CGTTCCAGGC+GGGGCCGA|GGATCTGCCT,'+GG,CGACGCGGCGAGCTTCCGGCCGGAGCGGTGGATCAACGAGGATGGCGCGTTCCGCAACGCGTCGCCGTTCAAGTTCACGGCGTTCCAGGCGGGGGGCCGAGGATCTGCCTGGGCAAGGACTCGGCGTACCTGCAGATGAAGATGGCGCTGGCCATCCTCTTCCGCTTCTACAGCT,5,0.00946%,52854,0,yes
,,,,CGACGCGGCGAGCTTCCGGCCGGAGCGGTGGATCAACGAGGAAGGCGCGTTCCGCAACGCGTCGCCGTTCAAGTTCACGG|CGTTCCAGGCGGGGCCGA|GGATCTGCCT,'SNP outside Target,CGACGCGGCGAGCTTCCGGCCGGAGCGGTGGATCAACGAGGAAGGCGCGTTCCGCAACGCGTCGCCGTTCAAGTTCACGGCGTTCCAGGCGGGGCCGAGGATCTGCCTGGGCAAGGACTCGGCGTACCTGCAGATGAAGATGGCGCTGGCCATCCTCTTCCGCTTCTACAGCTTC,5,0.00946%,52854,2,no
,,,,CGACGCGGCGAGCTTCCGGCCGGAGCGGTGGATCAACGAGGATGGCGCGTTCCGCAACGCGTCGCAGTTCAAGTTCACGG|CGTTCCAGGCGGGGCCGA|GGATCTGCCT,'SNP outside Target,CGACGCGGCGAGCTTCCGGCCGGAGCGGTGGATCAACGAGGATGGCGCGTTCCGCAACGCGTCGCAGTTCAAGTTCACGGCGTTCCAGGCGGGGCCGAGGATCTGCCTGGGCAAGGACTCGGCGTACCTGCAGATGAAGATGGCGCTGGCCATCCTCTTCCGCTTCTACAGCTTC,5,0.00946%,52854,2,no
,,,,CGACGCGGCGAGCTTCCGGCCGGAGCGGTGTATCAACGAGGATGGCGCGTTCCGCAACGCGTCGCCGTTCAAGTTCACGG|CGTTCCAGGCGGGGCCGA|GGATCTGCCT,'SNP outside Target,CGACGCGGCGAGCTTCCGGCCGGAGCGGTGTATCAACGAGGATGGCGCGTTCCGCAACGCGTCGCCGTTCAAGTTCACGGCGTTCCAGGCGGGGCCGAGGATCTGCCTGGGCAAGGACTCGGCGTACCTGCAGATGAAGATGGCGCTGGCCATCCTCTTCCGCTTCTACAGCTTC,5,0.00946%,52854,2,no
,,,,CGACGCGGCGAGCTTCCGGCCGGAGCGGTGGATCAACGAGGATGGCGCGTTCCGCAACGCGTCGCCGTTCAAGTTCACGG|CGTTCC,'Indel extends beyond Target,CGACGCGGCGAGCTTCCGGCCGGAGCGGTGGATCAACGAGGATGGCGCGTTCCGCAACGCGTCGCCGTTCAAGTTCACGGCGTTCCCCGAGGATCTGCCTGGGCAAGGACTCGGCGTACCTGCAGATGAAGATGGCGCTGGCCATCCTCTTCCGCTTCTACAGCTTCCGGCTG,5,0.00946%,52854,0,yes
,,,,CGACGCGGCGAGCTTCCGGCCGGAGCGGTGGATCAACGAGGATGGCGCGTTCCGCAACGCGTCGCCGTTCAAGTTCACGG|CGTTCCAAGCGGGGCCGA|GGATCTGCCT,' G to A ,CGACGCGGCGAGCTTCCGGCCGGAGCGGTGGATCAACGAGGATGGCGCGTTCCGCAACGCGTCGCCGTTCAAGTTCACGGCGTTCCAAGCGGGGCCGAGGATCTGCCTGGGCAAGGACTCGGCGTACCTGCAGATGAAGATGGCGCTGGCCATCCTCTTCCGCTTCTACAGCTTC,5,0.00946%,52854,6,no
,,,,CGACGCGGCGAGCTTCCGGCCGGAGCGGTGGATCAACGAGGATGGCGCGTTCCGCAACGCGTCGCCGTTCAAGTTCACGG|CGTTCCAGGCGAGGCCGA|GGATCTGCCT,' G to A ,CGACGCGGCGAGCTTCCGGCCGGAGCGGTGGATCAACGAGGATGGCGCGTTCCGCAACGCGTCGCCGTTCAAGTTCACGGCGTTCCAGGCGAGGCCGAGGATCTGCCTGGGCAAGGACTCGGCGTACCTGCAGATGAAGATGGCGCTGGCCATCCTCTTCCGCTTCTACAGCTTC,5,0.00946%,52854,9,no
,,,,CGACGCGGCGAGCTTCCGGCCGGAGCGGTGGATCAACGAGGATGGCGCGTTCCGCAACGCGTCGCCGTTCAAGTTCACGG|CGTTCC,'Indel extends beyond Target,CGACGCGGCGAGCTTCCGGCCGGAGCGGTGGATCAACGAGGATGGCGCGTTCCGCAACGCGTCGCCGTTCAAGTTCACGGCGTTCCGATCTGCCTGGGCAAGGACTCGGCGTACCTGCAGATGAAGATGGCGCTGGCCATCCTCTTCCGCTTCTACAGCTTCCGGCTGCTGGAGG,5,0.00946%,52854,0,yes
,,,,CGACGCGGCGAGCTTCCGGCCGGAGCGGTGGATCAACGAGGATGGCGCGTTCCGCTACGCGTCGCCGTTCAAGTTCACGG|CGTTCCAGGCGGGGCCGA|GGATCTGCCT,'SNP outside Target,CGACGCGGCGAGCTTCCGGCCGGAGCGGTGGATCAACGAGGATGGCGCGTTCCGCTACGCGTCGCCGTTCAAGTTCACGGCGTTCCAGGCGGGGCCGAGGATCTGCCTGGGCAAGGACTCGGCGTACCTGCAGATGAAGATGGCGCTGGCCATCCTCTTCCGCTTCTACAGCTTC,5,0.00946%,52854,4,no
,,,,CGACGCGGCGAGCTTCCGGCCGGAGCGGTGGATCAACGAGGATGGCGCGTTCCGCAACGCGTCGCCGTTCAAGCTCACGG|CGTTCCAGGCGGGGCCGA|GGATCTGCCT,'SNP outside Target,CGACGCGGCGAGCTTCCGGCCGGAGCGGTGGATCAACGAGGATGGCGCGTTCCGCAACGCGTCGCCGTTCAAGCTCACGGCGTTCCAGGCGGGGCCGAGGATCTGCCTGGGCAAGGACTCGGCGTACCTGCAGATGAAGATGGCGCTGGCCATCCTCTTCCGCTTCTACAGCTTC,5,0.00946%,52854,8,no
,,,,CGACGCGGCGAGCTTCCGGCCGGAGCGGTGGATCAACGTGGATGGCGCGTTCCGCAACGCGTCGCCGTTCAAGTTCACGG|CGTTCCAGGCGGGGCCGA|GGATCTGCCT,'SNP outside Target,CGACGCGGCGAGCTTCCGGCCGGAGCGGTGGATCAACGTGGATGGCGCGTTCCGCAACGCGTCGCCGTTCAAGTTCACGGCGTTCCAGGCGGGGCCGAGGATCTGCCTGGGCAAGGACTCGGCGTACCTGCAGATGAAGATGGCGCTGGCCATCCTCTTCCGCTTCTACAGCTTC,5,0.00946%,52854,5,no
,,,,CGACGCGGCGAGCTTCCGGCCGGAGCGGTGGATCAACGAGGATGGCGCGTTCCGCAACGCGTCGCCGTTCAAGTTCACGG|C[,'Indel extends beyond Target,CGACGCGGCGAGCTTCCGGCCGGAGCGGTGGATCAACGAGGATGGCGCGTTCCGCAACGCGTCGCCGTTCAAGTTCACGGCTGCCTGGGCAAGGACTCGGCGTACCTGCAGATGAAGATGGCGCTGGCCATCCTCTTCCGCTTCTACAGCTTCCGGCTGCTGGAGGGGCACCCGG,4,0.00757%,52854,0,yes
,,,,CGACGCGGCGAGCTTCCGGCCGGAGCGGTGGATCAACGAGGATGGCGCGTTCCGCAACGCGTCGCCGTTCAAATTCACGG|CGTTCCAGGCGGGGCCGA|GGATCTGCCT,'SNP outside Target,CGACGCGGCGAGCTTCCGGCCGGAGCGGTGGATCAACGAGGATGGCGCGTTCCGCAACGCGTCGCCGTTCAAATTCACGGCGTTCCAGGCGGGGCCGAGGATCTGCCTGGGCAAGGACTCGGCGTACCTGCAGATGAAGATGGCGCTGGCCATCCTCTTCCGCTTCTACAGCTTC,4,0.00757%,52854,3,no
,,,,CGACGCGGCGAGCTTCCGGCCGGAGCGGTGGATCAACGAGGATGGCGCGTTCCTCAACGCGTCGCCGTTCAAGTTCACGG|CGTTCCAGGCGGGGCCGA|GGATCTGCCT,'SNP outside Target,CGACGCGGCGAGCTTCCGGCCGGAGCGGTGGATCAACGAGGATGGCGCGTTCCTCAACGCGTCGCCGTTCAAGTTCACGGCGTTCCAGGCGGGGCCGAGGATCTGCCTGGGCAAGGACTCGGCGTACCTGCAGATGAAGATGGCGCTGGCCATCCTCTTCCGCTTCTACAGCTTC,4,0.00757%,52854,2,no
,,,,CGACGCGGCGAGCTTCCGGCCGGAGCGGTGGATCAACGAGGATGGCGCGTTCCGCAACGCGTCGCCGTTCAAGTTCACCG|CGTTCCAGGCGGGGCCGA|GGATCTGCCT,'SNP outside Target,CGACGCGGCGAGCTTCCGGCCGGAGCGGTGGATCAACGAGGATGGCGCGTTCCGCAACGCGTCGCCGTTCAAGTTCACCGCGTTCCAGGCGGGGCCGAGGATCTGCCTGGGCAAGGACTCGGCGTACCTGCAGATGAAGATGGCGCTGGCCATCCTCTTCCGCTTCTACAGCTTC,4,0.00757%,52854,1,no
,,,,CGACGCGGCGAGCTTCCGGCCGGAGCTGTGGATCAACGAGGATGGCGCGTTCCGCAACGCGTCGCCGTTCAAGTTCACGG|CGTTCCAGGCGGGGCCGA|GGATCTGCCT,'SNP outside Target,CGACGCGGCGAGCTTCCGGCCGGAGCTGTGGATCAACGAGGATGGCGCGTTCCGCAACGCGTCGCCGTTCAAGTTCACGGCGTTCCAGGCGGGGCCGAGGATCTGCCTGGGCAAGGACTCGGCGTACCTGCAGATGAAGATGGCGCTGGCCATCCTCTTCCGCTTCTACAGCTTC,4,0.00757%,52854,0,yes
,,,,CGACGCGGCGAGCTTCCGGCCGGAGCGGTGGATCAACGAGGATGGCGCGTTCCGCAACGCGTCGCCGTTCAAGTTCACGG|CGTTCAAGGCGGGGCCGA|GGATCTGCCT,' C to A ,CGACGCGGCGAGCTTCCGGCCGGAGCGGTGGATCAACGAGGATGGCGCGTTCCGCAACGCGTCGCCGTTCAAGTTCACGGCGTTCAAGGCGGGGCCGAGGATCTGCCTGGGCAAGGACTCGGCGTACCTGCAGATGAAGATGGCGCTGGCCATCCTCTTCCGCTTCTACAGCTTC,4,0.00757%,52854,0,yes
,,,,CGACGCGGCGAGCTTCCGGCCGGAGCGGTGGATCAACGAGGATGGCGCGTTCCGCAACGCGTCGTCGTTCAAGTTCACGG|CGTTCCAGGCGGGGCCGA|GGATCTGCCT,'SNP outside Target,CGACGCGGCGAGCTTCCGGCCGGAGCGGTGGATCAACGAGGATGGCGCGTTCCGCAACGCGTCGTCGTTCAAGTTCACGGCGTTCCAGGCGGGGCCGAGGATCTGCCTGGGCAAGGACTCGGCGTACCTGCAGATGAAGATGGCGCTGGCCATCCTCTTCCGCTTCTACAGCTTC,4,0.00757%,52854,4,no
,,,,CGACGCGGCGAGCTTCCGGCCGGAGCGGTGGATCAACGAGGATGGCGCGTTCCGCAACGCGTCGCCGTTCAAGTTCACGG|CGT,'Indel extends beyond Target,CGACGCGGCGAGCTTCCGGCCGGAGCGGTGGATCAACGAGGATGGCGCGTTCCGCAACGCGTCGCCGTTCAAGTTCACGGCGTACCTGCAGATGAAGATGGCGCTGGCCATCCTCTTCCGCTTCTACAGCTTCCGGCTGCTGGAGGGGCACCCGGTGCAGTACCGCATGAACA,4,0.00757%,52854,0,yes
,,,,CGACGCGGCGAGCTTCCGGCCGGAGCGGTGGATCAACGAGGATGGCGCGTTCCGCAACGCGTCGCCGTTCAAGTTCACGG|CGTTC,'Indel extends beyond Target,CGACGCGGCGAGCTTCCGGCCGGAGCGGTGGATCAACGAGGATGGCGCGTTCCGCAACGCGTCGCCGTTCAAGTTCACGGCGTTCTGCCTGGGCAAGGACTCGGCGTACCTGCAGATGAAGATGGCGCTGGCCATCCTCTTCCGCTTCTACAGCTTCCGGCTGCTGGAGGGGCA,4,0.00757%,52854,0,yes
,,,,CGACGCGGCGAGCTTCCGGCCGGAGCGGTGGATCAACGAGGATGGCGCGTTCCGCAACGCGTCGCCGTTCAAGTTCACGG|CGTTCCAGGCGTGGCCGA|GGATCTGCCT,' G to T ,CGACGCGGCGAGCTTCCGGCCGGAGCGGTGGATCAACGAGGATGGCGCGTTCCGCAACGCGTCGCCGTTCAAGTTCACGGCGTTCCAGGCGTGGCCGAGGATCTGCCTGGGCAAGGACTCGGCGTACCTGCAGATGAAGATGGCGCTGGCCATCCTCTTCCGCTTCTACAGCTTC,4,0.00757%,52854,0,yes
,,,,CGACGCGGCGAGCTTCCGGCCGGAGCGGTGGATCAACGAGGATGGCGCGTTCCGCAACGCGTCGCCGTTCAAGTTCACGG|CGTTCCTGGCGGGGCCGA|GGATCTGCCT,' A to T ,CGACGCGGCGAGCTTCCGGCCGGAGCGGTGGATCAACGAGGATGGCGCGTTCCGCAACGCGTCGCCGTTCAAGTTCACGGCGTTCCTGGCGGGGCCGAGGATCTGCCTGGGCAAGGACTCGGCGTACCTGCAGATGAAGATGGCGCTGGCCATCCTCTTCCGCTTCTACAGCTTC,4,0.00757%,52854,8,no
,,,,CGACGCGGCGAGCTTCCGGCCGGAGCGGTGGATCAACGAGGATGGCGCGTTCCGCAACGCGTCGCCGTTCAAGTTCACGG|CG-TCCAGGCGGGGCCGA|GGATCTGCCT,'-T,CGACGCGGCGAGCTTCCGGCCGGAGCGGTGGATCAACGAGGATGGCGCGTTCCGCAACGCGTCGCCGTTCAAGTTCACGGCGTCCAGGCGGGGCCGAGGATCTGCCTGGGCAAGGACTCGGCGTACCTGCAGATGAAGATGGCGCTGGCCATCCTCTTCCGCTTCTACAGCTTCC,4,0.00757%,52854,0,yes
,,,,CGACGCGGCGAGCTTCCGGCCGGAGCGGTGGATCAACGAGGATGGCGCGTACCGCAACGCGTCGCCGTTCAAGTTCACGG|CGTTCCAGGCGGGGCCGA|GGATCTGCCT,'SNP outside Target,CGACGCGGCGAGCTTCCGGCCGGAGCGGTGGATCAACGAGGATGGCGCGTACCGCAACGCGTCGCCGTTCAAGTTCACGGCGTTCCAGGCGGGGCCGAGGATCTGCCTGGGCAAGGACTCGGCGTACCTGCAGATGAAGATGGCGCTGGCCATCCTCTTCCGCTTCTACAGCTTC,4,0.00757%,52854,1,no
,,,,CGACGCGGCGAGCTTCCGGCCGGAGCGGTGGATCAACGAGGATGGCGCGTTCCGCAACGCGTCGCCGTTCAAGTTCACGG|CG,'Indel extends beyond Target,CGACGCGGCGAGCTTCCGGCCGGAGCGGTGGATCAACGAGGATGGCGCGTTCCGCAACGCGTCGCCGTTCAAGTTCACGGCGGGCCGAGGATCTGCCTGGGCAAGGACTCGGCGTACCTGCAGATGAAGATGGCGCTGGCCATCCTCTTCCGCTTCTACAGCTTCCGGCTGCTGG,4,0.00757%,52854,0,yes
,,,,CGACGCGGCGAGCTTCCGGCCGGAGCGGTGGATCAACGAGGATGGCGCGTTCCGCAACGCGTCGCCGTTCAAGTTCACGG|CGT,'Indel extends beyond Target,CGACGCGGCGAGCTTCCGGCCGGAGCGGTGGATCAACGAGGATGGCGCGTTCCGCAACGCGTCGCCGTTCAAGTTCACGGCGTAGCCGAGGATCTGCCTGGGCAAGGACTCGGCGTACCTGCAGATGAAGATGGCGCTGGCCATCCTCTTCCGCTTCTACAGCTTCCGGCTG,4,0.00757%,52854,0,yes
,,,,CGACGCGGCGAGCTTCCGGCCGGAGCGGTGGATCAACGAGGATGGCGCGTTCCGCAACGCGTCGCCGTTCAAGTTCACGG|CGTTCCAGGCGGGGCCGA|GGTTCTGCCT,'SNP outside Target,CGACGCGGCGAGCTTCCGGCCGGAGCGGTGGATCAACGAGGATGGCGCGTTCCGCAACGCGTCGCCGTTCAAGTTCACGGCGTTCCAGGCGGGGCCGAGGTTCTGCCTGGGCAAGGACTCGGCGTACCTGCAGATGAAGATGGCGCTGGCCATCCTCTTCCGCTTCTACAGCTTC,4,0.00757%,52854,8,no
,,,,CGACGCGGCGAGCTTCCGGCCGGAGCGGTGGATCAACGAGGATGGCGCGTTCCGCAACGCGTCGCCGTTCAAGTTCACGG|CGTTCCAGGCGGGGCCTA|GGATCTGCCT,' G to T ,CGACGCGGCGAGCTTCCGGCCGGAGCGGTGGATCAACGAGGATGGCGCGTTCCGCAACGCGTCGCCGTTCAAGTTCACGGCGTTCCAGGCGGGGCCTAGGATCTGCCTGGGCAAGGACTCGGCGTACCTGCAGATGAAGATGGCGCTGGCCATCCTCTTCCGCTTCTACAGCTTC,4,0.00757%,52854,2,no
,,,,CGACGCGGCGAGCTTCCGGCCGGAGCGGTGGATCAACGAGGATGGCGCGTTCCGCAACGCGTCGCCGTTCAAGTTCACGG|CGTTC,'Indel extends beyond Target,CGACGCGGCGAGCTTCCGGCCGGAGCGGTGGATCAACGAGGATGGCGCGTTCCGCAACGCGTCGCCGTTCAAGTTCACGGCGTTCAGCCGAGGATCTGCCTGGGCAAGGACTCGGCGTACCTGCAGATGAAGATGGCGCTGGCCATCCTCTTCCGCTTCTACAGCTTCCGGCTGC,4,0.00757%,52854,0,yes
,,,,CGACGCGGCGAGCTTCCGGCCGGAGCGGTGGATCATCGAGGATGGCGCGTTCCGCAACGCGTCGCCGTTCAAGTTCACGG|CGTTCCAGGCGGGGCCGA|GGATCTGCCT,'SNP outside Target,CGACGCGGCGAGCTTCCGGCCGGAGCGGTGGATCATCGAGGATGGCGCGTTCCGCAACGCGTCGCCGTTCAAGTTCACGGCGTTCCAGGCGGGGCCGAGGATCTGCCTGGGCAAGGACTCGGCGTACCTGCAGATGAAGATGGCGCTGGCCATCCTCTTCCGCTTCTACAGCTTC,4,0.00757%,52854,4,no
,,,,,,CGACGCGGCGAGCTTCCGTCTGCCGCGCCGACCCGGACCCGGTGCAGTACCGCATGAACACTACCGTCGGATCGTGCGTGTTTCTCCGAATCTCGTATGCCGTCTTCTGCTTGAAAAAAAAAAAAA,3,0.00568%,52854,0,yes
,,,,CGACGCGGCGAGCTTCCGGCCGGAGCGGTGGATCAACGAGGATGGCGCGTTCCGCAACGCGTCGCCGTTCAAGTTCACGG|CGTTCCAGGCGG---CGA|GGATCTGCCT,'-GGC,CGACGCGGCGAGCTTCCGGCCGGAGCGGTGGATCAACGAGGATGGCGCGTTCCGCAACGCGTCGCCGTTCAAGTTCACGGCGTTCCAGGCGGCGAGGATCTGCCTGGGCAAGGACTCGGCGTACCTGCAGATGAAGATGGCGCTGGCCATCCTCTTCCGCTTCTACAGCTTCCGG,3,0.00568%,52854,0,yes
,,,,CGACGCGGCGAGCTTCCGGCCGGAGCGGTGGATCAACGAGGATGGGGCGTTCCGCAACGCGTCGCCGTTCAAGTTCACGG|CGTTCCAGGCGGGGCCGA|GGATCTGCCT,'SNP outside Target,CGACGCGGCGAGCTTCCGGCCGGAGCGGTGGATCAACGAGGATGGGGCGTTCCGCAACGCGTCGCCGTTCAAGTTCACGGCGTTCCAGGCGGGGCCGAGGATCTGCCTGGGCAAGGACTCGGCGT,3,0.00568%,52854,0,yes
,,,,CGACGCGGCGAGCTTCCGGCCGGAGCGGTGGATCAACGAGGATGGCGCGTTCCGCAACGCGTCGCCGTTCAAGTTCACGG|CGTTCCATGCGGGGCCGA|GGATCTGCCT,' G to T ,CGACGCGGCGAGCTTCCGGCCGGAGCGGTGGATCAACGAGGATGGCGCGTTCCGCAACGCGTCGCCGTTCAAGTTCACGGCGTTCCATGCGGGGCCGAGGATCTGCCTGGGCAAGGACTCGGCGTACCTGCAGATGAAGATGGCGCTGGCCATCCTCTTCCGCTTCTACAGCTTC,3,0.00568%,52854,2,no
,,,,CGACGCGGCGAGCTTCCGGCCGGAGCGGTGGATCAACGAGGATGGCGCGTTCCGCAACGCGTCTCCGTTCAAGTTCACGG|CGTTCCAGGCGGGGCCGA|GGATCTGCCT,'SNP outside Target,CGACGCGGCGAGCTTCCGGCCGGAGCGGTGGATCAACGAGGATGGCGCGTTCCGCAACGCGTCTCCGTTCAAGTTCACGGCGTTCCAGGCGGGGCCGAGGATCTGCCTGGGCAAGGACTCGGCGTACCTGCAGATGAAGATGGCGCTGGCCATCCTCTTCCGCTTCTACAGCTTC,3,0.00568%,52854,0,yes
,,,,CGACGCGGCGAGCTTCCGGCCGGAGCGGTGGATCAACGAGGATGGCGCGTTCCGCAACGCGTCGCCGTTCAAGTTCACGG|CGTTCCAGGCGGGTCCGA|GGATCTGCCT,' G to T ,CGACGCGGCGAGCTTCCGGCCGGAGCGGTGGATCAACGAGGATGGCGCGTTCCGCAACGCGTCGCCGTTCAAGTTCACGGCGTTCCAGGCGGGTCCGAGGATCTGCCTGGGCAAGGACTCGGCGTACCTGCAGATGAAGATGGCGCTGGCCATCCTCTTCCGCTTCTACAGCTTC,3,0.00568%,52854,4,no
,,,,CGACGCGGCGAGCTTCCGGCCGGAGCGGTGGATCAACGAGGATGGCGCGTTCCGCAACGCGTCGCCGTTCAAGTTCACGG|CGTTCC,'Indel extends beyond Target,CGACGCGGCGAGCTTCCGGCCGGAGCGGTGGATCAACGAGGATGGCGCGTTCCGCAACGCGTCGCCGTTCAAGTTCACGGCGTTCCTGCAGATGAAGATGGCGCTGGCCATCCTCTTCCGCTTCTACAGCTTCCGGCTGCTGGAGGGGCACCCGGTGCAGTACCGCATGAACA,3,0.00568%,52854,0,yes
,,,,CGACGCGGCGAGCTTCCGGCCGGAGCGGTGGATCAACGAGGATGGCGCGTTCCGCAACGCGTCGCCGTTCAAGTTCACGG|CGTTCCAGGCGGTGCCGA|GGATCTGCCT,' G to T ,CGACGCGGCGAGCTTCCGGCCGGAGCGGTGGATCAACGAGGATGGCGCGTTCCGCAACGCGTCGCCGTTCAAGTTCACGGCGTTCCAGGCGGTGCCGAGGATCTGCCTGGGCAAGGACTCGGCGTACCTGCAGATGAAGATGGCGCTGGCCATCCTCTTCCGCTTCTACAGCTTC,3,0.00568%,52854,3,no
,,,,CGACGCGGCGAGCTTCCGGCCGGAGCGGTGAATCAACGAGGATGGCGCGTTCCGCAACGCGTCGCCGTTCAAGTTCACGG|CGTTCCAGGCGGGGCCGA|GGATCTGCCT,'SNP outside Target,CGACGCGGCGAGCTTCCGGCCGGAGCGGTGAATCAACGAGGATGGCGCGTTCCGCAACGCGTCGCCGTTCAAGTTCACGGCGTTCCAGGCGGGGCCGAGGATCTGCCTGGGCAAGGACTCGGCGTACCTGCAGATGAAGATGGCGCTGGCCATCCTCTTCCGCTTCTACAGCTTC,3,0.00568%,52854,6,no
,,,,CGACGCGGCGAGCTTCCGGCCGGAGCGGTGGATCAACGAGGATGGCGCGTTCCGCAACGCGTCGCCGTTCAAGTTCACGG|CGTTCCACGCGGGGCCGA|GGATCTGCCT,' G to C ,CGACGCGGCGAGCTTCCGGCCGGAGCGGTGGATCAACGAGGATGGCGCGTTCCGCAACGCGTCGCCGTTCAAGTTCACGGCGTTCCACGCGGGGCCGAGGATCTGCCTGGGCAAGGACTCGGCGTACCTGCAGATGAAGATGGCGCTGGCCATCCTCTTCCGCTTCTACAGCTTC,3,0.00568%,52854,1,no
,,,,CGACGCGGCGAGCTTCCGGCCGGAGCGGTGGATCAACGAGGATGGCGCGTTCCGCAACGCGTCGCCGTTCAAGTTCACGG|CGTTCCA,'Indel extends beyond Target,CGACGCGGCGAGCTTCCGGCCGGAGCGGTGGATCAACGAGGATGGCGCGTTCCGCAACGCGTCGCCGTTCAAGTTCACGGCGTTCCATGCCGAGGATCTGCCTGGGCAAGGACTCGGCGTACCTGCAGATGAAGATGGCGCTGGCCATCCTCTTCCGCTTCTACAGCTTCCGGCT,3,0.00568%,52854,0,yes
,,,,CGACGCGGCGAGCTTCCGGCCGGAGCGGTGGATCAACGAGGATGGCGCGTTCCGCAACGCGTCGCCGTTCAAGTTCACGG|CG,'Indel extends beyond Target,CGACGCGGCGAGCTTCCGGCCGGAGCGGTGGATCAACGAGGATGGCGCGTTCCGCAACGCGTCGCCGTTCAAGTTCACGGCGCGAGGATCTGCCTGGGCAAGGACTCGGCGTACCTGCAGATGAAGATGGCGCTGGCCATCCTCTTCCGCTTCTACAGCTTCCGGCTGCTGGAGG,3,0.00568%,52854,0,yes
,,,,CGACGCGGCGAGCTTCCGGCCGGAGCGGTGGATCAACGAGGATGGCGCGTTCCGCAACGCGTCGCCGTTCAAGTTCACGG|CGT,'Indel extends beyond Target,CGACGCGGCGAGCTTCCGGCCGGAGCGGTGGATCAACGAGGATGGCGCGTTCCGCAACGCGTCGCCGTTCAAGTTCACGGCGTCCGAGGATCTGCCTGGGCAAGGACTCGGCGTACCTGCAGATGAAGATGGCGCTGGCCATCCTCTTCCGCTTCTACAGCTTCCGGCTGCTGGA,3,0.00568%,52854,0,yes
,,,,CGACGCGGCGAGCTTCCGGCCGGAGCGGTGGATCAACGAGGATGGCGCGTTCCGCAACGCGTCGCCGTTCAAGTTCACGG|CGT--------GGGCCGA|GGATCTGCCT,'-TCCAGGCG,CGACGCGGCGAGCTTCCGGCCGGAGCGGTGGATCAACGAGGATGGCGCGTTCCGCAACGCGTCGCCGTTCAAGTTCACGGCGTGGGCCGAGGATCTGCCTGGGCAAGGACTCGGCGTACCTGCAGATGAAGATGGCGCTGGCCATCCTCTTCCGCTTCTACAGCTTCCGGCTG,3,0.00568%,52854,0,yes
,,,,CGACGCGGCGAGCTTCCGGCCGGAGCGGTGGATCAACGAGGATGGCGCGTTCCGCAACGCGTCGACGTTCAAGTTCACGG|CGTTCCAGGCGGGGCCGA|GGATCTGCCT,'SNP outside Target,CGACGCGGCGAGCTTCCGGCCGGAGCGGTGGATCAACGAGGATGGCGCGTTCCGCAACGCGTCGACGTTCAAGTTCACGGCGTTCCAGGCGGGGCCGAGGATCTGCCTGGGCAAGGACTCGGCGTACCTGCAGATGAAGATGGCGCTGGCCATCCTCTTCCGCTTCTACAGCTTC,3,0.00568%,52854,0,yes
,,,,CGACGCGGCGAGCTTCCGGCCGGAGCGGTGGATCAACGAGGATGGCGC[,'Indel before Target,CGACGCGGCGAGCTTCCGGCCGGAGCGGTGGATCAACGAGGATGGCGCTGGCCATCCTCTTCCGCTTCTACAGCTTCCGGCTGCTGGAGGGGCACCCGGTGCAGTACCGCATGAACACTACCGTCGGATCGTGCGTGTTTCTCCGAATCTCGTATGCCGTCTTCTGCTTGAAAAA,3,0.00568%,52854,0,yes
,,,,CGACGCGGCGAGCTTCCGGCCGGAGCGGTGGATCAACGAGGATGGCTCGTTCCGCAACGCGTCGCCGTTCAAGTTCACGG|CGTTCCAGGCGGGGCCGA|GGATCTGCCT,'SNP outside Target,CGACGCGGCGAGCTTCCGGCCGGAGCGGTGGATCAACGAGGATGGCTCGTTCCGCAACGCGTCGCCGTTCAAGTTCACGGCGTTCCAGGCGGGGCCGAGGATCTGCCTGGGCAAGGACTCGGCGTACCTGCAGATGAAGATGGCGCTGGCCATCCTCTTCCGCTTCTACAGCTTC,3,0.00568%,52854,1,no
,,,,CGACGCGGCGAGCTTCCGGCCGGAGCGGTGGATCAACGAGGATGGCGCGCTCCGCAACGCGTCGCCGTTCAAGTTCACGG|CGTTCCAGGCGGGGCCGA|GGATCTGCCT,'SNP outside Target,CGACGCGGCGAGCTTCCGGCCGGAGCGGTGGATCAACGAGGATGGCGCGCTCCGCAACGCGTCGCCGTTCAAGTTCACGGCGTTCCAGGCGGGGCCGAGGATCTGCCTGGGCAAGGACTCGGCGTACCTGC,3,0.00568%,52854,0,yes
,,,,CGACGCGGCGAGCTTCCGGCCGGAGCCGTGGATCAACGAGGATGGCGCGTTCCGCAACGCGTCGCCGTTCAAGTTCACGG|CGTTCCAGGCGGGGCCGA|GGATCTGCCT,'SNP outside Target,CGACGCGGCGAGCTTCCGGCCGGAGCCGTGGATCAACGAGGATGGCGCGTTCCGCAACGCGTCGCCGTTCAAGTTCACGGCGTTCCAGGCGGGGCCGAGGATCTGCCTGGGCAAGGACTCGGCGTACCTGCAGATGAAGATGGCGCTGGCCATCCTCTTCCGCTTCTACAGCTTC,3,0.00568%,52854,0,yes
,,,,CGACGCGGCGAGCTTCCGGCCGGAGCGGTGGATCAACGAGGATGGCGCGTTCCGCAACGCGTCGCCGTTCAAGTTGACGG|CGTTCCAGGCGGGGCCGA|GGATCTGCCT,'SNP outside Target,CGACGCGGCGAGCTTCCGGCCGGAGCGGTGGATCAACGAGGATGGCGCGTTCCGCAACGCGTCGCCGTTCAAGTTGACGGCGTTCCAGGCGGGGCCGAGGATCTGCCTGGGCAAGGACTCGGCGTACCTGCAGATGAAGATGGCGCTGGCCATCCTCTTCCGCTTCTACAGCTTC,3,0.00568%,52854,1,no
,,,,CGACGCGGCGAGCTTCCGGCCGGAGCGGTGGATCAACGAGGATGTCGCGTTCCGCAACGCGTCGCCGTTCAAGTTCACGG|CGTTCCAGGCGGGGCCGA|GGATCTGCCT,'SNP outside Target,CGACGCGGCGAGCTTCCGGCCGGAGCGGTGGATCAACGAGGATGTCGCGTTCCGCAACGCGTCGCCGTTCAAGTTCACGGCGTTCCAGGCGGGGCCGAGGATCTGCCTGGGCAAGGACTCGGCGTACCTGCAGATGAAGATGGCGCTGGCCATCCTCTTCCGCTTCTACAGCTTC,3,0.00568%,52854,2,no
,,,,CGACGCGGCGAGCTTCCGGCCGGAGCGGTGGATCAACGAGGATGGCGCGTTCCGCAACGCGTCGCCGTTCAAGTTCACGG|CGTTCCA-------CCGA|GGATCTGCCT,'-GGCGGGG,CGACGCGGCGAGCTTCCGGCCGGAGCGGTGGATCAACGAGGATGGCGCGTTCCGCAACGCGTCGCCGTTCAAGTTCACGGCGTTCCACCGAGGATCTGCCTGGGCAAGGACTCGGCGTACCTGCAGATGAAGATGGCGCTGGCCATCCTCTTCCGCTTCTACAGCTTCCGGCTGC,3,0.00568%,52854,0,yes
,,,,CGACGCGGCGAGCTTCCGGCCGGAGCGGTGGATCAACGAGGATCGCGCGTTCCGCAACGCGTCGCCGTTCAAGTTCACGG|CGTTCCAGGCGGGGCCGA|GGATCTGCCT,'SNP outside Target,CGACGCGGCGAGCTTCCGGCCGGAGCGGTGGATCAACGAGGATCGCGCGTTCCGCAACGCGTCGCCGTTCAAGTTCACGGCGTTCCAGGCGGGGCCGAGGATCTGCCTGGGCAAGGACTCGGCGTACCTGCAGATGAAGATGGCGCTGGCCATCCTCTTCCGCTTCTACAGCTTC,3,0.00568%,52854,1,no
,,,,CGACGCGGCGAGCTTCCGGCCGGAGCGGTGGATCAACGAGGATGGCGCGTTCCGCAACGCGACGCCGTTCAAGTTCACGG|CGTTCCAGGCGGGGCCGA|GGATCTGCCT,'SNP outside Target,CGACGCGGCGAGCTTCCGGCCGGAGCGGTGGATCAACGAGGATGGCGCGTTCCGCAACGCGACGCCGTTCAAGTTCACGGCGTTCCAGGCGGGGCCGAGGATCTGCCTGGGCAAGGACTCGGCGTACCTGCAGATGAAGATGGCGCTGGCCATCCTCTTCCGCTTCTACAGCTTC,3,0.00568%,52854,1,no
,,,,CGACGCGGCGAGCTTCCGGCCGGAGCGGTGGATCAACGAGGATGGCGCGTTCCGCAACGCGTCGCCGTTCAAGTTCACGG|CGTACCAGGCGGGGCCGA|GGATCTGCCT,' T to A ,CGACGCGGCGAGCTTCCGGCCGGAGCGGTGGATCAACGAGGATGGCGCGTTCCGCAACGCGTCGCCGTTCAAGTTCACGGCGTACCAGGCGGGGCCGAGGATCTGCCTGGGCA,3,0.00568%,52854,0,yes
,,,,CGACGCGGCGAGCTTCCGGCCGGAGCGGTGGATCAACGAGGATGGCGCGTTCCGCCACGCGTCGCCGTTCAAGTTCACGG|CGTTCCAGGCGGGGCCGA|GGATCTGCCT,'SNP outside Target,CGACGCGGCGAGCTTCCGGCCGGAGCGGTGGATCAACGAGGATGGCGCGTTCCGCCACGCGTCGCCGTTCAAGTTCACGGCGTTCCAGGCGGGGCCGAGGATCTGCCTGGGCAAGGACTCGGCGTACCTGCAGATGAAGATGGCGCTGGCCATCCTCTTCCGCTTCTACAGCTTC,3,0.00568%,52854,0,yes
,,,,,,CGACGCGGCGAGCTTCCGCCGCCCCTGCACACGCGCGGACCGTCCGGCCGTCAGGCAGAAAATCCTAGCCTCGTGCAAGGCCGCGGACCGTCCAGCCTCTAGCCGTGGACCGTCGGCCCCGGTGCAGTACCGCATGAACACTACCGTCGGATCGTGCGTGTTTCTCCGAA,3,0.00568%,52854,0,yes
,,,,CGACGCGGCGAGCTTCCGGCCGGAGCGGTGGATCAACGAGGATGGCGCTTTCCGCAACGCGTCGCCGTTCAAGTTCACGG|CGTTCCAGGCGGGGCCGA|GGATCTGCCT,'SNP outside Target,CGACGCGGCGAGCTTCCGGCCGGAGCGGTGGATCAACGAGGATGGCGCTTTCCGCAACGCGTCGCCGTTCAAGTTCACGGCGTTCCAGGCGGGGCCGAGGATCTGCCTGGGCAAGGACTCGGCGTACCTGCAGATGAAGATGGCGCTGGCCATCCTCTTCCGCTTCTACAGCTTC,3,0.00568%,52854,0,yes
,,,,CGACGCGGCGAGCTTCCGGCCGGAGCGGTGGATCAACGAGGCTGGCGCGTTCCGCAACGCGTCGCCGTTCAAGTTCACGG|CGTTCCAGGCGGGGCCGA|GGATCTGCCT,'SNP outside Target,CGACGCGGCGAGCTTCCGGCCGGAGCGGTGGATCAACGAGGCTGGCGCGTTCCGCAACGCGTCGCCGTTCAAGTTCACGGCGTTCCAGGCGGGGCCGAGGATCTGCCTGGGCAAGGACTCGGCGTACCTGCAGATGCAG,3,0.00568%,52854,0,yes
,,,,CGACGCGGCGAGCTTCCGGCCGGAGCGGTGGATCAACGAGGATGGCGAGTTCCGCAACGCGTCGCCGTTCAAGTTCACGG|CGTTCCAGGCGGGGCCGA|GGATCTGCCT,'SNP outside Target,CGACGCGGCGAGCTTCCGGCCGGAGCGGTGGATCAACGAGGATGGCGAGTTCCGCAACGCGTCGCCGTTCAAGTTCACGGCGTTCCAGGCGGGGCCGAGGATCTGCCTGGGCAAGGACTCGGCGTACCTGCAGATGAAGATGGCGCTGGCCATCCTCTTCCGCTTCTACAGCTTC,3,0.00568%,52854,1,no
,,,,CGACGCGGCGAGCTTCCGGCCGGAGCGGTGGATCAACGAGGATGGCGCGTTCCGCAACGCGTCGCCGTTCAAGTTCACTG|CGTTCCAGGCGGGGCCGA|GGATCTGCCT,'SNP outside Target,CGACGCGGCGAGCTTCCGGCCGGAGCGGTGGATCAACGAGGATGGCGCGTTCCGCAACGCGTCGCCGTTCAAGTTCACTGCGTTCCAGGCGGGGCCGAGGATCTGCCTGGGCAAGGACTCGGCGTACCTGCAGATGAAGATGGCGCTGGCCATCCTCTTCCGCTTCTACAGCTTC,3,0.00568%,52854,0,yes
,,,,CGACGCGGCGAGCTTCCGGCCGGAGCGGTGGATCAACGAGGATGGCGCGTTCCGCAACGCGTCGCCGTTCTAGTTCACGG|CGTTCCAGGCGGGGCCGA|GGATCTGCCT,'SNP outside Target,CGACGCGGCGAGCTTCCGGCCGGAGCGGTGGATCAACGAGGATGGCGCGTTCCGCAACGCGTCGCCGTTCTAGTTCACGGCGTTCCAGGCGGGGCCGAGGATCTGCCTGGGCAAGGACTCGGCGTACCTGCAGATGAAGATGGCGCTGGCCATCCTCTTCCGCTTCTACAGCTTC,3,0.00568%,52854,3,no
,,,,CGACGCGGCGAGCTTCCGGCCGGAGCGGTGGATCAACGAGGATGGCGCGTTCCGCAACGCGTCGCCGTTCAAGTTCACGG|CGTT,'Indel extends beyond Target,CGACGCGGCGAGCTTCCGGCCGGAGCGGTGGATCAACGAGGATGGCGCGTTCCGCAACGCGTCGCCGTTCAAGTTCACGGCGTTGGCAAGGACTCGGCGTACCTGCAGATGAAGATGGCGCTGGCCATCCTCTTCCGCTTCTACAGCTTCCGGCTGCTGGAGGGGCACCCGGTG,3,0.00568%,52854,0,yes
,,,,CGACGCGGCGAGCTTCCGGCCGGAGCGGTGGATCTACGAGGATGGCGCGTTCCGCAACGCGTCGCCGTTCAAGTTCACGG|CGTTCCAGGCGGGGCCGA|GGATCTGCCT,'SNP outside Target,CGACGCGGCGAGCTTCCGGCCGGAGCGGTGGATCTACGAGGATGGCGCGTTCCGCAACGCGTCGCCGTTCAAGTTCACGGCGTTCCAGGCGGGGCCGAGGATCTGCCTGGGCAAGGACTCGGCGTACCTGCAGATGAAGATGGCGCTGGCCATCCTCTTCCGCTTCTACAGCTTC,3,0.00568%,52854,1,no
